Name,Critic_Score,Global_Sales
Grand Theft Auto V,9.4,20.32
Grand Theft Auto V,9.7,19.39
Grand Theft Auto: Vice City,9.6,16.15
Call of Duty: Modern Warfare 3,8.7,14.82
Call of Duty: Black Ops,8.8,14.74
Red Dead Redemption 2,9.8,13.94
Call of Duty: Modern Warfare 2,9.5,13.53
Call of Duty: WWII,8.0,13.4
Call of Duty: Modern Warfare 3,8.8,13.35
Grand Theft Auto III,9.5,13.1
Call of Duty: Black Ops,8.7,12.67
FIFA 18,8.3,11.8
Grand Theft Auto IV,10.0,11.09
FIFA 17,8.9,10.94
Call of Duty: Modern Warfare 2,9.5,10.61
Grand Theft Auto IV,10.0,10.57
Call of Duty: Ghosts,6.9,10.41
Just Dance 3,7.5,10.14
Call of Duty: Ghosts,7.5,10.13
Halo: Reach,9.3,9.97
Call of Duty 4: Modern Warfare,9.6,9.41
The Elder Scrolls V: Skyrim,9.3,8.88
Grand Theft Auto V,9.0,8.72
Fallout 4,8.6,8.48
FIFA 16,8.5,8.22
Star Wars Battlefront (2015),7.1,8.03
The Sims 3,8.5,7.96
Grand Theft Auto: Liberty City Stories,8.8,7.72
Crash Bandicoot 2: Cortex Strikes Back,8.6,7.58
Call of Duty: Advanced Warfare,8.5,7.53
Call of Duty: World at War,8.5,7.5
Battlefield 3,8.5,7.35
Battlefield 3,8.5,7.21
Need for Speed Underground,8.6,7.2
Crash Bandicoot 3: Warped,9.3,7.13
Need for Speed Underground 2,8.3,6.9
Uncharted 3: Drake's Deception,9.3,6.84
Medal of Honor: Frontline,9.0,6.83
Uncharted 2: Among Thieves,9.5,6.74
Call of Duty 4: Modern Warfare,9.5,6.72
FIFA Soccer 12,9.2,6.65
Red Dead Redemption,9.5,6.57
Assassin's Creed III,8.8,6.5
Red Dead Redemption,9.5,6.5
The Elder Scrolls V: Skyrim,9.0,6.49
Halo 3: ODST,8.7,6.35
Minecraft,9.4,6.33
FIFA 15,8.1,6.32
The Last of Us,9.5,6.27
Driver,8.5,6.27
God of War (2018),9.7,6.15
Metal Gear Solid 2: Sons of Liberty,9.5,6.05
Metal Gear Solid 4: Guns of the Patriots,9.3,6.0
LittleBigPlanet,9.4,5.85
Tekken 2,9.1,5.74
LEGO Star Wars: The Complete Saga,8.0,5.66
Cooking Mama,6.6,5.66
Assassin's Creed II,9.0,5.57
Assassin's Creed,8.2,5.55
Batman: Arkham City,9.6,5.54
Forza Motorsport 3,9.2,5.5
Call of Duty: World at War,8.4,5.43
Crash Bandicoot: The Wrath of Cortex,6.9,5.42
Final Fantasy XIII,8.0,5.35
Assassin's Creed II,9.1,5.3
Tomb Raider II,7.6,5.24
Madden NFL 2004,9.5,5.23
Call of Duty: Advanced Warfare,8.3,5.22
Medal of Honor: Rising Sun,5.9,5.13
Microsoft Flight Simulator,7.0,5.12
Guitar Hero II,9.2,5.12
Resident Evil 5,8.6,5.1
Fable III,7.8,5.1
Mario & Sonic at the Olympic Games,7.0,5.1
Grand Theft Auto: Vice City Stories,8.4,5.08
FIFA Soccer 11,8.7,5.08
Final Fantasy XV,8.1,5.07
Fallout 4,8.4,5.03
Tony Hawk's Pro Skater,9.6,5.02
Spyro the Dragon,8.7,5.0
Guitar Hero III: Legends of Rock,8.2,4.98
Uncharted: Drake's Fortune,8.7,4.97
Fallout 3,9.0,4.96
Madden NFL 06,9.1,4.91
Assassin's Creed,8.2,4.83
Crash Team Racing,9.2,4.79
LEGO Star Wars: The Complete Saga,7.8,4.77
Batman: Arkham City,9.5,4.75
Driver 2,7.0,4.73
The Simpsons: Hit & Run,7.7,4.7
Tony Hawk's Pro Skater 2,9.3,4.68
Monster Hunter: World,9.3,4.67
The Lord of the Rings: The Two Towers,8.3,4.67
Tomb Raider,8.9,4.63
Forza Motorsport 4,9.1,4.6
Guitar Hero III: Legends of Rock,8.6,4.6
"Pokemon: Let's Go, Pikachu!",8.3,4.57
FIFA 15,6.9,4.56
Mario & Sonic at the Olympic Winter Games,6.8,4.54
Overwatch,8.8,4.54
Madden NFL 2005,9.5,4.53
Guitar Hero III: Legends of Rock,8.7,4.53
Madden NFL 07,8.5,4.49
Spider-Man: The Movie,8.2,4.48
The Elder Scrolls IV: Oblivion,9.2,4.47
Tony Hawk's Pro Skater 3,9.1,4.41
Winning Eleven: Pro Evolution Soccer 2007,8.8,4.39
Michael Jackson: The Experience,5.6,4.37
Need for Speed: Most Wanted,8.6,4.37
Resistance: Fall of Man,8.5,4.37
Call of Duty: Advanced Warfare,9.1,4.34
Batman: Arkham Asylum,9.0,4.28
Call of Duty: Advanced Warfare,9.1,4.27
Daxter,8.6,4.23
Assassin's Creed: Revelations,8.8,4.23
Metal Gear Solid 3: Snake Eater,9.0,4.23
Assassin's Creed: Revelations,7.9,4.22
FIFA Soccer 06,8.4,4.21
Street Fighter IV,9.3,4.19
FIFA Soccer 12,9.2,4.18
Call of Duty: Ghosts,7.5,4.17
Teenage Mutant Ninja Turtles,5.9,4.17
Star Wars Battlefront (2015),6.9,4.15
Madden NFL 2003,9.4,4.14
Half-Life,9.5,4.12
Batman: Arkham Knight,8.1,4.11
FIFA 07 Soccer,8.4,4.11
The Sims 4,7.0,4.1
Fallout: New Vegas,8.2,4.08
Far Cry 4,8.4,4.06
Carnival Games,4.2,4.06
World Soccer Winning Eleven 9,8.9,4.06
Forza Motorsport 2,9.1,4.05
Tekken Tag Tournament,8.7,4.05
Fallout 3,8.8,4.0
The Elder Scrolls V: Skyrim,9.2,3.99
NBA 2K16,8.7,3.98
Left 4 Dead 2,9.0,3.97
Far Cry 5,7.9,3.95
Battlefield 4,8.3,3.94
Assassin's Creed IV: Black Flag,8.7,3.94
EA Sports Active,8.3,3.93
Tony Hawk's Underground,8.7,3.9
Just Dance 2014,7.4,3.89
Sports Champions,7.6,3.88
MotorStorm,8.2,3.87
World Soccer Winning Eleven 8 International,9.3,3.85
LEGO Indiana Jones: The Original Adventures,7.5,3.76
The Sims: Unleashed,7.3,3.76
Ratchet & Clank: Size Matters,8.5,3.75
Harry Potter and the Sorcerer's Stone,8.0,3.73
FIFA 17,8.8,3.71
Spyro: Year of the Dragon,9.1,3.71
FIFA Soccer 2005,8.4,3.7
Tony Hawk's Pro Skater 4,9.6,3.67
Midnight Club 3: DUB Edition,7.2,3.66
MySims,6.7,3.66
SOCOM: U.S. Navy SEALs,8.0,3.65
Battlefield 4,8.7,3.64
Jak and Daxter: The Precursor Legacy,9.0,3.64
Pro Evolution Soccer 2008,8.2,3.63
FIFA Soccer 10,9.0,3.63
Guitar Hero: World Tour,8.4,3.62
Star Wars Battlefront,8.1,3.61
Doom II,9.3,3.61
The Simpsons: Road Rage,6.1,3.61
Assassin's Creed Syndicate,8.6,3.6
Star Wars Battlefront II,8.5,3.59
Cooking Mama 2: Dinner With Friends,6.9,3.58
Croc: Legend of the Gobbos,7.6,3.56
Battlefield 4,8.7,3.54
Grand Theft Auto: Liberty City Stories,8.3,3.54
The Getaway,7.7,3.54
Tomb Raider III: Adventures of Lara Croft,8.2,3.54
Batman: Arkham Asylum,9.1,3.54
Assassin's Creed: Brotherhood,9.1,3.53
LEGO Star Wars: The Video Game,7.9,3.53
Resident Evil 5,8.6,3.53
NBA 2K17,9.0,3.52
FIFA Soccer 11,8.7,3.52
Spyro 2: Ripto's Rage!,8.7,3.52
Left 4 Dead,8.7,3.52
FIFA Soccer 2004,8.0,3.49
Battlefield: Bad Company 2,9.0,3.48
Borderlands,8.3,3.48
Mario & Sonic at the Olympic Winter Games,7.6,3.47
Guitar Hero: On Tour,7.1,3.46
LEGO Batman: The Videogame,7.5,3.44
Tekken 4,7.9,3.44
LittleBigPlanet 2,9.1,3.43
Grand Theft Auto 2,6.9,3.42
Destiny,8.3,3.41
Spider-Man 2,7.9,3.41
Crash Bash,6.8,3.39
The Elder Scrolls V: Skyrim Special Edition,8.3,3.36
Assassin's Creed IV: Black Flag,8.5,3.34
NBA 2K18,8.1,3.34
Max Payne,8.1,3.31
Madden NFL 16,8.2,3.3
The Lord of the Rings: The Return of the King,8.4,3.28
Madden NFL 17,8.5,3.28
FIFA 16,8.5,3.25
Tekken,8.3,3.24
007: Tomorrow Never Dies,6.2,3.21
L.A. Noire,9.1,3.21
WWF SmackDown! 2: Know Your Role,8.7,3.2
Assassin's Creed IV: Black Flag,8.3,3.19
Assassin's Creed Odyssey,9.5,3.18
Fallout: New Vegas,8.2,3.17
Ace Combat 04: Shattered Skies,8.9,3.17
Club Penguin: Elite Penguin Force,7.0,3.14
FIFA 18,8.0,3.14
The Elder Scrolls IV: Oblivion,9.3,3.12
Tom Clancy's Ghost Recon Wildlands,7.0,3.12
NBA 2K13,8.6,3.11
Mass Effect 2,9.5,3.1
LEGO Batman: The Videogame,7.3,3.08
Saints Row 2,7.9,3.07
Call of Duty: Ghosts,7.5,3.07
Heavy Rain,8.8,3.06
LEGO Batman: The Videogame,7.8,3.06
Kung Fu Panda,7.5,3.05
Rayman,7.0,3.03
Tom Clancy's Splinter Cell,9.3,3.02
Disney Epic Mickey,7.0,3.02
Killzone 2,9.1,3.02
WWE SmackDown! vs. Raw 2006,8.4,3.0
inFAMOUS,8.7,2.99
Star Wars: The Old Republic,8.4,2.97
Battlefield: Bad Company 2,8.9,2.96
Street Fighter IV,9.3,2.95
Madden NFL 13,8.0,2.93
Mass Effect,9.2,2.91
FIFA 15,6.9,2.91
Mortal Kombat (2011),8.5,2.9
World Soccer Winning Eleven 7 International,9.2,2.9
Sega Superstars Tennis,6.9,2.89
Cooking Mama: Cook Off,5.9,2.89
Syphon Filter,9.2,2.88
Imagine: Babyz,3.5,2.87
Mafia III,6.9,2.87
Colin McRae Rally,7.9,2.87
The Elder Scrolls III: Morrowind,8.2,2.86
Assassin's Creed: Brotherhood,9.1,2.85
Command & Conquer: Red Alert,9.3,2.85
Madden NFL 10,8.6,2.83
BioShock,9.6,2.83
Finding Nemo,7.0,2.82
Medal of Honor,7.0,2.82
Gran Turismo (PSP),7.8,2.82
Need for Speed: Hot Pursuit,8.9,2.81
Imagine: Fashion Designer,3.0,2.81
Killzone 3,8.2,2.81
Skylanders: Spyro's Adventure,8.0,2.79
A Bug's Life,3.6,2.79
Ratchet & Clank: Going Commando,8.7,2.78
Star Wars: The Force Unleashed,7.1,2.77
Saints Row: The Third,8.3,2.77
Battlefield 3,8.9,2.76
L.A. Noire,9.1,2.73
Far Cry: Primal,7.2,2.73
"Pokemon: Let's Go, Eevee!",8.3,2.73
Overwatch,8.7,2.72
Need for Speed (2015),7.0,2.72
Madden NFL 13,8.3,2.71
Skate 3,8.3,2.71
Madden NFL 12,7.8,2.7
Call of Duty 3,8.0,2.7
LEGO Star Wars II: The Original Trilogy,8.4,2.69
Madden NFL 11,8.3,2.69
Burnout 3: Takedown,9.3,2.68
Halo Wars,8.1,2.67
Call of Duty 2: Big Red One,8.5,2.67
Medal of Honor,9.3,2.67
Guitar Hero: World Tour,8.6,2.66
Medal of Honor Heroes,6.7,2.66
Hannah Montana,6.5,2.65
Need for Speed: Shift,8.2,2.65
Medal of Honor,7.3,2.64
NBA 2K12,9.1,2.64
NBA 2K13,8.9,2.63
Madden NFL 18,8.2,2.62
FIFA Soccer 10,8.9,2.62
LittleBigPlanet,8.8,2.61
Grand Theft Auto: Episodes from Liberty City,9.0,2.6
Mario + Rabbids: Kingdom Battle,8.3,2.59
FIFA Soccer 09,8.6,2.59
WWE SmackDown vs. RAW 2007,8.0,2.58
Ratchet & Clank: Up Your Arsenal,9.1,2.57
Ratchet & Clank Future: Tools of Destruction,8.9,2.57
Dragon Age: Origins,8.5,2.56
FIFA 16,9.0,2.55
Madden NFL 09,8.5,2.54
Crazy Taxi,8.2,2.52
Tomb Raider (2013),8.9,2.51
Midnight Club: Los Angeles,8.3,2.5
Marvel: Ultimate Alliance,8.3,2.5
Rockstar Games Double Pack: Grand Theft Auto III & Grand Theft Auto Vice City,9.8,2.49
Game Party,2.6,2.49
Mortal Kombat: Deadly Alliance,8.2,2.49
Saints Row: The Third,8.3,2.48
Pure,8.3,2.47
Rock Band,9.1,2.47
Resistance 2,8.5,2.47
Madden NFL 16,8.4,2.47
LEGO Harry Potter: Years 1-4,7.9,2.45
Madden NFL 17,8.1,2.44
Twisted Metal 2,8.7,2.44
Need for Speed Carbon: Own the City,7.4,2.42
Sonic Adventure,8.9,2.42
Tom Clancy's Rainbow Six: Vegas 2,8.2,2.42
Kinect: Disneyland Adventures,8.5,2.41
Pro Evolution Soccer 2011,6.0,2.41
ATV Offroad Fury,8.4,2.41
NBA 2K16,8.3,2.41
Halo: Combat Evolved Anniversary,8.0,2.41
Midnight Club: Los Angeles,8.0,2.4
Theme Hospital,5.5,2.4
Madden NFL 11,8.4,2.4
Frogger's Adventures: Temple of the Frog,6.7,2.39
Guitar Hero,8.0,2.38
Dead Island,7.0,2.38
Madden NFL 08,8.7,2.37
The Incredibles,5.9,2.37
Madden NFL 10,8.5,2.37
Sonic's Ultimate Genesis Collection,8.1,2.36
LEGO Indiana Jones: The Original Adventures,7.8,2.35
Kinect Sports: Season Two,6.6,2.33
Madden NFL 25,7.8,2.33
My Fitness Coach,7.1,2.32
Assassin's Creed IV: Black Flag,8.3,2.32
Grand Theft Auto,6.0,2.32
The Sims 3,8.0,2.31
LEGO Star Wars: The Complete Saga,8.0,2.31
LEGO Harry Potter: Years 1-4,8.0,2.29
Dead Island,6.7,2.29
Tomb Raider II,8.2,2.29
Pro Evolution Soccer 2010,7.0,2.28
Madden NFL 12,7.8,2.27
No Man's Sky,6.8,2.26
Guitar Hero III: Legends of Rock,8.2,2.25
Call of Duty 3,6.8,2.24
Prince of Persia: The Sands of Time,9.0,2.22
Star Wars: The Force Unleashed,6.8,2.22
Guitar Hero II,9.2,2.21
Need for Speed: Hot Pursuit,8.8,2.2
Rock Band 2,9.2,2.2
BioShock 2,8.6,2.2
High School Musical: Makin' the Cut!,7.3,2.2
Final Fantasy XIII,8.1,2.19
FIFA 15,7.9,2.19
Star Wars: Knights of the Old Republic,9.4,2.19
Pro Evolution Soccer 2012,7.5,2.19
Saints Row,8.0,2.18
Need for Speed: Payback,5.8,2.18
ATV Offroad Fury 2,8.7,2.18
Scribblenauts,8.2,2.17
Your Shape featuring Jenny McCarthy,6.0,2.16
SimCity 2000,8.0,2.14
Call of Duty: Roads to Victory,6.1,2.14
NBA 2K12,9.0,2.13
Borderlands,8.2,2.12
Mortal Kombat (2011),8.6,2.12
Project Gotham Racing,8.4,2.12
NBA 2K11,8.8,2.11
Tony Hawk's Pro Skater,9.3,2.11
PES 2009: Pro Evolution Soccer,7.7,2.11
Need for Speed: Hot Pursuit 2,8.7,2.11
Need for Speed: Most Wanted 5-1-0,7.4,2.09
Grand Theft Auto: Episodes from Liberty City,9.0,2.09
Sim Theme Park,8.1,2.08
Rock Band,8.2,2.08
Portal 2,9.6,2.08
Metal Gear Solid: Peace Walker,8.6,2.08
The Sims 2: Pets,4.8,2.07
UFC 2009 Undisputed,8.4,2.07
The Incredibles,5.4,2.06
Call of Duty 2,8.8,2.06
R4: Ridge Racer Type 4,9.1,2.06
Tom Clancy's Splinter Cell: Conviction,8.6,2.06
Need for Speed: Undercover,5.9,2.06
Need for Speed: ProStreet,7.1,2.05
Mortal Kombat vs DC Universe,7.6,2.05
Dark Souls,9.0,2.05
Need for Speed: ProStreet,7.2,2.04
Madden NFL 25,7.5,2.04
PGR4 - Project Gotham Racing 4,8.6,2.04
Dance Central 2,8.6,2.04
Dragon Quest XI: Echoes of an Elusive Age,10.0,2.04
NBA 2K17,8.8,2.04
Rayman Raving Rabbids: TV Party,7.1,2.03
The Sims 3,8.1,2.03
Just Dance 3,5.5,2.02
Rocket League,8.7,2.02
NBA 2K18,7.7,2.02
Need for Speed: The Run,6.3,2.01
Dead Space,8.9,2.0
The Legend of Zelda: Ocarina of Time 3D,9.3,2.0
TouchMaster,6.9,2.0
Mortal Kombat vs DC Universe,7.6,1.99
Tenchu: Stealth Assassins,8.8,1.99
Harry Potter and the Chamber of Secrets,7.2,1.99
Just Cause 3,7.5,1.98
Hot Shots Golf: Open Tee,8.4,1.96
Tom Clancy's Rainbow Six: Vegas,8.8,1.95
Grand Theft Auto: San Andreas,9.2,1.95
Burnout Paradise,9.0,1.95
FIFA Soccer 09,8.7,1.94
Call of Duty: World at War,8.1,1.94
X-Men Legends,8.6,1.93
The Legend of Zelda: Oracle of Ages,9.4,1.92
Guitar Hero: World Tour,8.5,1.92
Red Faction,9.1,1.92
PaRappa The Rapper,9.2,1.92
Need for Speed: Shift,8.2,1.91
Madden NFL 18,8.8,1.91
Star Wars Rogue Leader: Rogue Squadron II,9.2,1.9
Tomb Raider (2013),8.5,1.9
Minecraft,9.2,1.89
Ratchet & Clank Future: A Crack in Time,8.7,1.89
Madden NFL 09,8.6,1.89
Yu-Gi-Oh! Forbidden Memories,7.0,1.88
Mortal Kombat: Deception,7.4,1.88
FIFA 2000,8.8,1.87
inFAMOUS 2,8.1,1.87
Star Wars: The Force Unleashed,6.8,1.86
The Legend of Zelda: Oracle of Seasons,9.3,1.86
Shrek 2,6.9,1.86
Sonic Classic Collection,7.5,1.86
The Legend of Dragoon,7.8,1.86
Turok 2: Seeds of Evil,9.0,1.86
The Evil Within,7.7,1.86
SingStar,8.0,1.86
Forza Horizon 4,9.2,1.84
Rayman Raving Rabbids 2,6.6,1.84
The Elder Scrolls V: Skyrim Special Edition,8.1,1.83
Air Combat,7.0,1.83
Demon's Souls,9.1,1.83
BioShock Infinite,9.5,1.82
The Orange Box,9.7,1.82
Crazy Taxi,9.3,1.81
Madden NFL 07,8.2,1.8
LEGO Star Wars III: The Clone Wars,7.5,1.79
Far Cry 5,7.2,1.78
UFC 2009 Undisputed,8.4,1.76
High School Musical: Sing It!,6.4,1.76
The SpongeBob SquarePants Movie,6.6,1.76
State of Emergency,8.0,1.76
Just Cause 2,8.3,1.75
FIFA Soccer 08,8.5,1.75
Crackdown,8.4,1.75
Xenosaga Episode I: Der Wille zur Macht,8.7,1.74
SSX Tricky,9.2,1.73
Twisted Metal III,4.4,1.73
Crash Bandicoot: The Huge Adventure,8.3,1.73
Rockstar Games Double Pack: Grand Theft Auto III & Grand Theft Auto Vice City,9.7,1.72
Call of Duty: World at War Final Fronts,6.8,1.72
Titanfall 2,8.9,1.72
The Beatles: Rock Band,9.0,1.71
Call of Duty: Modern Warfare 3,8.0,1.71
Portal 2,9.6,1.71
NCAA Football 07,8.9,1.7
Sid Meier's Civilization V,8.9,1.7
Cabela's Big Game Hunter 2010,5.5,1.7
Need for Speed: Undercover,6.3,1.69
Harry Potter and the Sorcerer's Stone,6.6,1.69
Dragon Ball Z: The Legacy of Goku,6.5,1.69
The Sims 3: Late Night Expansion Pack,7.5,1.69
Far Cry 4,8.5,1.68
Saints Row 2,7.9,1.68
NFL GameDay 98,8.6,1.68
Star Wars Battlefront: Renegade Squadron,7.5,1.68
Time Crisis,8.5,1.68
We Ski,7.1,1.68
Dragon Age: Origins,8.7,1.67
PGR: Project Gotham Racing 2,8.9,1.67
NCAA Football 2004,8.1,1.67
SpongeBob SquarePants: Battle for Bikini Bottom,5.8,1.67
Big Beach Sports,4.9,1.66
Shaun White Snowboarding: Road Trip,7.8,1.66
Heavenly Sword,8.0,1.65
MySims,7.1,1.65
Need for Speed Carbon,7.9,1.65
Army of Two,6.7,1.64
Ape Escape,9.3,1.63
Kinectimals,7.5,1.62
Uncharted: Golden Abyss,7.9,1.62
Call of Duty: Black Ops,8.5,1.62
The Order: 1886,6.2,1.62
Rock Band,9.1,1.62
Tom Clancy's Ghost Recon Wildlands,7.7,1.61
Rage,7.9,1.6
Just Cause 2,8.0,1.6
Silent Hill,8.9,1.6
Sonic Generations,7.3,1.59
LEGO Harry Potter: Years 1-4,7.9,1.59
Far Cry 2,8.5,1.59
Soul Blade,8.6,1.59
Pro Evolution Soccer 2008,7.1,1.59
FIFA 16,9.0,1.59
Final Fantasy XIV Online,5.3,1.58
Devil May Cry 4,8.2,1.58
LEGO Pirates of the Caribbean: The Video Game,7.5,1.57
Pro Evolution Soccer 2010,7.2,1.57
Mortal Kombat,8.4,1.56
Twisted Metal,7.0,1.56
Mafia II,7.2,1.56
BioShock 2,8.5,1.55
Guitar Hero 5,8.9,1.55
007: The World is Not Enough,7.4,1.55
Go Vacation,7.0,1.54
Dark Cloud,8.2,1.54
Die Hard Trilogy,8.5,1.54
Fight Night Round 4,8.6,1.52
Forza Motorsport 7,8.9,1.52
Sonic Rivals 2,6.4,1.52
Dead Space 2,9.1,1.52
Call of Duty: Modern Warfare: Reflex Edition,7.2,1.51
Call of Duty 3,7.7,1.51
Star Wars: The Force Unleashed II,6.3,1.51
Turok: Dinosaur Hunter,8.9,1.51
SoulCalibur II,9.2,1.5
Metal Gear Rising: Revengeance,9.0,1.5
NFL Blitz,9.1,1.5
Red Faction II,8.6,1.5
WWF No Mercy,9.1,1.5
Rock Band 2,8.9,1.5
Football Manager 2012,8.5,1.5
Mafia II,7.0,1.49
Dead Rising 2,8.2,1.49
Resistance 3,8.3,1.49
LEGO Star Wars III: The Clone Wars,7.9,1.48
Sonic's Ultimate Genesis Collection,8.1,1.48
LEGO Battles: Ninjago,5.0,1.48
Disney Sing It: Pop Hits,6.8,1.48
007: Quantum of Solace,6.6,1.48
Tom Clancy's Splinter Cell: Pandora Tomorrow,9.2,1.48
Super Scribblenauts,7.9,1.47
Minecraft,5.5,1.47
Fight Night Round 3,8.6,1.47
Super Monkey Ball,9.0,1.46
Resident Evil 4: Wii Edition,9.2,1.46
Battlefield: Bad Company,8.6,1.46
Mass Effect 2,9.3,1.46
Homefront,6.7,1.46
Sonic & SEGA All-Stars Racing,7.9,1.45
Sega Genesis Collection,8.3,1.45
The House of the Dead 2 & 3 Return,6.5,1.45
BioShock,9.3,1.44
Star Wars: The Force Unleashed II,6.3,1.44
Sonic Rivals,7.0,1.44
WWE SmackDown vs Raw 2008,7.3,1.43
Smarty Pants,6.5,1.43
Dead Space 2,9.0,1.43
Kinect Joy Ride,5.6,1.43
UFC Undisputed 2010,8.4,1.42
Rayman Raving Rabbids,7.5,1.42
Yu-Gi-Oh! The Duelists of the Roses,7.0,1.41
LEGO Star Wars: The Video Game,7.9,1.41
LEGO Star Wars II: The Original Trilogy,8.4,1.41
LEGO Indiana Jones 2: The Adventure Continues,7.5,1.41
Ridge Racer,8.8,1.41
Twisted Metal: Black,8.9,1.41
Fight Night Round 4,8.7,1.4
Spider-Man: The Movie,7.7,1.4
Dead Space,8.9,1.4
2Xtreme,8.3,1.4
Anno 2070,8.7,1.4
Fallout 4,9.0,1.4
Sonic Generations,7.7,1.39
Bakugan: Battle Brawlers,6.4,1.38
Far Cry 2,8.4,1.38
Deus Ex: Human Revolution,8.8,1.38
The Sims 2,6.2,1.38
Rocket League,8.0,1.38
Deus Ex: Human Revolution,8.8,1.38
Call of Duty: Black Ops,7.5,1.37
Crysis 2,8.7,1.37
A Collection of Activision Classic Games for the Atari 2600,3.8,1.37
Dead Rising 2,8.1,1.37
Need for Speed: The Run,5.5,1.37
LEGO Harry Potter: Years 1-4,7.9,1.37
GoldenEye 007,8.0,1.36
Crash Bandicoot 2: N-Tranced,7.5,1.36
Wolfenstein II: The New Colossus,9.0,1.36
Gardening Mama,6.6,1.36
Marvel vs. Capcom 3: Fate of Two Worlds,8.2,1.36
Metroid: Other M,7.7,1.36
Hasbro Family Game Night 2,6.4,1.36
Burnout Paradise,8.9,1.35
FIFA Soccer 08,7.9,1.35
FIFA Soccer 09,8.1,1.35
Tom Clancy's Rainbow Six: Vegas 2,8.2,1.34
Devil May Cry 4,8.5,1.34
F1 2010,8.0,1.34
The ICO & Shadow of the Colossus Collection,9.0,1.34
Donkey Kong Jungle Beat,7.9,1.34
Need for Speed Carbon,7.7,1.34
Battlefield: Bad Company,8.6,1.34
Command & Conquer: Red Alert 2,8.9,1.34
Max Payne 2: The Fall of Max Payne,6.8,1.34
Crysis 2,8.8,1.33
Alan Wake,8.3,1.33
Spider-Man: The Movie,7.9,1.33
Tony Hawk's Pro Skater,7.1,1.33
Grand Theft Auto: Chinatown Wars,9.5,1.33
WWE SmackDown vs Raw 2008,7.3,1.33
UFC Undisputed 2010,8.6,1.32
Fallout 76,5.1,1.32
Need for Speed Underground Rivals,7.6,1.32
MAG: Massive Action Game,7.4,1.32
Rage,7.9,1.32
Madagascar,6.4,1.31
LEGO Batman: The Videogame,7.2,1.31
[Prototype],7.9,1.31
The Beatles: Rock Band,8.9,1.31
Burnout 3: Takedown,9.3,1.31
NBA Live 07,6.3,1.3
LEGO Batman: The Videogame,7.9,1.3
The Last Guardian,7.9,1.29
Transformers,7.8,1.29
Champions of Norrath,8.5,1.28
Need for Speed Carbon,6.4,1.28
Twisted Metal 4,6.7,1.28
Manhunt,8.0,1.28
The Sims 2: Nightlife,7.5,1.27
Castlevania: Symphony of the Night,9.3,1.27
LEGO Batman: The Videogame,7.6,1.27
NBA 2K9,8.3,1.27
WWE '12,7.5,1.27
.hack//Infection Part 1,7.7,1.27
EA Sports Active 2,8.0,1.27
Rockstar Games presents Table Tennis,6.8,1.26
Hyrule Warriors,7.4,1.26
Tomb Raider: Underworld,7.8,1.26
Football Manager 2011,8.9,1.26
SOCOM: U.S. Navy SEALs Confrontation,6.3,1.26
Assassin's Creed: Bloodlines,6.3,1.26
Need for Speed: Most Wanted,8.4,1.25
Black,7.7,1.25
RollerCoaster Tycoon 2,7.3,1.25
Ratatouille,7.0,1.25
Cars 2,6.5,1.25
Oddworld: Abe's Oddysee,8.3,1.24
[Prototype],8.1,1.24
Need for Speed Carbon,7.8,1.24
Frogger: The Great Quest,3.0,1.23
2010 FIFA World Cup South Africa,8.2,1.23
Donkey Kong Country 2,7.6,1.23
Star Wars Battlefront II,6.9,1.22
Intelligent Qube,7.4,1.22
NBA Live 99,8.3,1.22
Max Payne,8.6,1.22
Bayonetta,8.6,1.21
FIFA 07 Soccer,8.0,1.21
Boom Blox,8.6,1.21
Cars,7.4,1.21
FIFA Soccer 11,7.0,1.21
World Soccer Winning Eleven 9 (JP & Others sales),8.0,1.2
ATV Offroad Fury 3,7.5,1.2
F1 2011,8.4,1.2
Metal Gear Solid V: Ground Zeroes,7.6,1.2
NFL 2K,9.7,1.2
WWE 2K14,7.6,1.2
Shadow of the Colossus,9.3,1.2
Mario & Sonic at the London 2012 Olympic Games,6.5,1.19
Metal Gear Solid: Portable Ops,8.7,1.19
WWE SmackDown vs Raw 2008,7.3,1.19
Spider-Man: The Movie,7.6,1.19
Final Fantasy I & II: Dawn of Souls,7.1,1.19
Metal Gear Solid VR Missions,6.8,1.18
LEGO Indiana Jones: The Original Adventures,7.6,1.18
LEGO Star Wars III: The Clone Wars,8.0,1.18
Tony Hawk's Pro Skater 2,8.9,1.18
Red Dead Redemption: Undead Nightmare,10.0,1.18
WWE '12,9.0,1.18
Ty the Tasmanian Tiger,6.2,1.17
Mission: Impossible,6.6,1.17
WWE SmackDown vs. Raw 2010,8.1,1.17
Army of Two,7.4,1.17
Sunset Overdrive,8.0,1.16
Bushido Blade,8.2,1.16
Mirror's Edge,7.6,1.16
Medal of Honor Heroes 2,6.6,1.16
Spore,7.0,1.16
FIFA Soccer 10,7.9,1.16
Sniper: Ghost Warrior,4.3,1.16
LEGO Star Wars: The Video Game,8.0,1.16
EA Sports Active: More Workouts,7.9,1.16
The Elder Scrolls V: Skyrim,8.6,1.15
Dragon Quest VIII: Journey of the Cursed King,8.8,1.15
Ratchet & Clank: All 4 One,7.5,1.15
Call of Duty 4: Modern Warfare,9.3,1.15
007: Quantum of Solace,6.6,1.14
LEGO Star Wars III: The Clone Wars,6.7,1.14
Action Bass,5.1,1.14
Shadow of the Colossus,9.1,1.14
Brave Fencer Musashi,8.4,1.14
Mortal Kombat,8.3,1.14
Hot Shots Golf: Out of Bounds,8.3,1.14
South Park,6.0,1.14
The Lord of the Rings: The Return of the King,8.8,1.14
LEGO Star Wars: The Video Game,7.4,1.14
NCAA Football 14,7.6,1.13
Cars,4.5,1.13
Mirror's Edge,7.7,1.13
Rocksmith,8.0,1.13
Plants vs Zombies: Garden Warfare,8.0,1.13
Guitar Hero 5,9.0,1.13
Rocksmith,8.0,1.13
Fight Night Champion,8.4,1.13
ModNation Racers,8.1,1.13
Rabbids Go Home,8.0,1.13
SOCOM: U.S. Navy SEALs Fireteam Bravo,7.9,1.12
WWE 2K14,7.6,1.12
The Beatles: Rock Band,8.7,1.12
Dragon Age II,8.0,1.12
Spider-Man 2,7.7,1.12
Crackdown 2,7.5,1.12
Crash Bandicoot N. Sane Trilogy,6.0,1.11
Plants vs. Zombies,8.1,1.11
Castlevania: Lords of Shadow,8.1,1.11
Rock Band,8.1,1.11
Tom Clancy's Splinter Cell: Chaos Theory,9.4,1.11
Mafia III,6.8,1.11
Red Dead Redemption: Undead Nightmare,10.0,1.11
NCAA Football 13,7.5,1.11
Lumines: Puzzle Fusion,9.1,1.11
LEGO Star Wars III: The Clone Wars,6.3,1.1
Sonic Free Riders,4.9,1.1
FIFA 18,5.8,1.1
GRID,8.6,1.1
Tales of Symphonia,8.5,1.1
Star Ocean: The Second Story,8.2,1.1
Guitar Hero 5,8.8,1.1
DJ Hero,8.4,1.09
Untold Legends: Brotherhood of the Blade,6.5,1.09
Dragon Ball Z: The Legacy of Goku II,7.6,1.09
Toy Story 3: The Video Game,7.5,1.09
NFL 2K1,9.6,1.09
Bully: Scholarship Edition,8.1,1.09
Star Wars: The Force Unleashed,7.1,1.09
Namco Museum Battle Collection,7.9,1.09
Skate 2,8.2,1.09
Dante's Inferno,7.3,1.08
Virtua Fighter 5,8.7,1.08
Pro Evolution Soccer 2014,8.3,1.08
The Simpsons Game,6.0,1.08
Ready 2 Rumble Boxing,7.6,1.08
Dragon Ball Z: Taiketsu,3.8,1.08
Grand Theft Auto: Chinatown Wars,9.2,1.08
Disney's Lilo & Stitch,8.0,1.08
Star Fox: Assault,6.6,1.08
FIFA Soccer 11,7.0,1.08
LEGO Star Wars II: The Original Trilogy,4.9,1.07
Marvel vs. Capcom 3: Fate of Two Worlds,8.4,1.07
Call of Duty 3,8.2,1.07
The Biggest Loser,7.7,1.07
Prince of Persia,8.3,1.07
Tiger Woods PGA Tour 10,9.0,1.07
Virtua Fighter,9.0,1.07
Tomb Raider: Underworld,7.5,1.07
SoulCalibur III,8.5,1.07
Naruto: Ultimate Ninja Storm,7.8,1.07
World Tour Soccer,7.0,1.07
The Orange Box,8.7,1.07
Spore Creatures,7.2,1.07
Mortal Kombat: Armageddon,7.4,1.06
DiRT 3,9.0,1.06
Endless Ocean,6.8,1.06
Sonic Generations,6.3,1.06
Aliens vs Predator,6.0,1.06
Warhawk,8.4,1.06
Spider-Man 2,7.0,1.06
Seek and Destroy,5.6,1.06
Darksiders,7.8,1.06
Mercenaries 2: World in Flames,7.1,1.06
Sega Superstars Tennis,7.0,1.06
Call of Duty 4: Modern Warfare,7.3,1.05
DiRT,8.3,1.05
Resident Evil: The Darkside Chronicles,7.2,1.05
SOCOM: U.S. Navy SEALs Fireteam Bravo 2,8.2,1.05
MySims Agents,7.5,1.05
Dave Mirra Freestyle BMX,7.4,1.05
Forza Motorsport,9.2,1.05
Rocksmith 2014,9.1,1.05
Sonic & SEGA All-Stars Racing,8.3,1.05
Legacy of Kain: Soul Reaver,8.9,1.04
WWE SmackDown vs. Raw 2010,8.2,1.04
Sleeping Dogs,8.1,1.04
Tales of Destiny,6.2,1.04
Aliens vs Predator,6.1,1.04
Naruto: Clash of Ninja 2,7.4,1.04
Bomberman 64,6.1,1.04
WipEout Pure,9.1,1.04
LEGO Pirates of the Caribbean: The Video Game,7.2,1.04
MotorStorm: Arctic Edge,7.7,1.04
Brink,6.8,1.04
The Simpsons Game,6.9,1.04
LEGO Indiana Jones: The Original Adventures,7.7,1.03
Tomb Raider,8.7,1.03
Just Dance 2014,7.6,1.03
Sonic Unleashed,5.3,1.03
The Elder Scrolls III: Morrowind Game of the Year Edition,8.3,1.03
Dragon Ball Z: Budokai Tenkaichi 3,7.5,1.03
Tiger Woods PGA Tour 08,7.4,1.02
Shrek 2,6.9,1.02
Bulletstorm,8.5,1.02
Madden NFL 07,8.4,1.02
Rock Band 2,9.0,1.02
Just Cause 3,7.0,1.01
F1 2012,7.9,1.01
EyePet,6.9,1.01
Madden NFL 16,8.0,1.01
Prince of Persia,8.2,1.01
NBA 2K10,8.4,1.01
Far Cry: Primal,7.8,1.0
Breath of Fire III,7.6,1.0
NERF N-Strike Elite,7.5,1.0
Rayman Origins,8.5,1.0
Excitebike 64,8.9,1.0
Tom Clancy's Splinter Cell: Blacklist,8.4,1.0
NCAA Football 12,7.8,1.0
Ace Combat X: Skies of Deception,7.6,1.0
Haze,5.6,0.99
The Simpsons: Hit & Run,8.2,0.99
Oddworld: Abe's Exoddus,8.6,0.99
DiRT 2,8.8,0.99
Apollo Justice: Ace Attorney,8.0,0.99
Rocksmith 2014,8.4,0.99
Midnight Club: LA Remix,7.7,0.99
Shadow The Hedgehog,4.9,0.99
Army of Two: The 40th Day,7.1,0.99
Tom Clancy's Splinter Cell: Blacklist,8.3,0.98
FIFA Soccer 10,8.3,0.98
Pro Evolution Soccer 2008,7.8,0.98
Sniper Elite V2,7.4,0.98
Zoo Tycoon DS,4.6,0.98
Suikoden III,8.6,0.98
Fallout 3,9.0,0.98
The Witcher 2: Assassins of Kings,8.8,0.98
Fire Emblem,8.8,0.97
Dirge of Cerberus: Final Fantasy VII,5.8,0.97
Brutal Legend,8.5,0.97
Band Hero,7.4,0.97
Grand Theft Auto: San Andreas,9.4,0.97
LEGO Star Wars II: The Original Trilogy,8.4,0.97
Dark Cloud 2,8.6,0.96
Guitar Hero: Warriors of Rock,7.3,0.96
Star Fox 64 3D,8.0,0.96
LEGO Pirates of the Caribbean: The Video Game,7.4,0.96
Sea of Thieves,6.9,0.96
de Blob,8.1,0.96
PilotWings Resort,6.9,0.96
Madden NFL 25,7.4,0.96
Gangs of London,5.0,0.96
Sonic & SEGA All-Stars Racing,8.0,0.96
Harvest Moon 3D: A New Beginning,8.2,0.95
Sonic Unleashed,5.6,0.95
LEGO Harry Potter: Years 5-7,9.0,0.95
SpongeBob SquarePants: Battle for Bikini Bottom,7.3,0.95
Wild ARMs,8.9,0.95
Lost Planet 2,6.6,0.95
Driver: San Francisco,8.2,0.95
White Knight Chronicles: International Edition,6.3,0.95
Disney Magic Castle: My Happy Life,7.9,0.94
Killzone,6.8,0.94
The SpongeBob SquarePants Movie,6.6,0.94
Skylanders: Spyro's Adventure,8.0,0.94
Brutal Legend,7.9,0.94
Castlevania: Lament of Innocence,8.1,0.94
Brothers In Arms: Hell's Highway,6.0,0.94
Tony Hawk: RIDE,4.3,0.94
SaGa Frontier 2,7.4,0.94
NCAA Football 10,8.1,0.94
EA Sports Active 2,8.0,0.94
Prince of Persia: The Sands of Time,9.0,0.94
Kingdom Hearts Re:coded,6.8,0.93
Guitar Hero: Metallica,8.9,0.93
Fallout 76,5.1,0.93
Bayonetta,8.9,0.93
Cars,7.6,0.93
Operation Flashpoint: Dragon Rising,7.4,0.93
Monster Hunter: World,9.4,0.93
NCAA Football 13,7.1,0.93
Phoenix Wright: Ace Attorney,8.1,0.93
NCAA Football 11,8.5,0.93
007: The World is not Enough,6.4,0.92
Overwatch,9.5,0.92
Dante's Inferno,7.0,0.92
NCAA Football 14,7.7,0.92
SpongeBob SquarePants: The Yellow Avenger,5.7,0.92
WWE SmackDown vs. Raw 2009,7.8,0.92
Xenoblade Chronicles,9.3,0.92
Crysis 3,7.6,0.92
Starsky & Hutch,6.0,0.92
Tobal No.1,7.7,0.92
Blue Dragon,7.7,0.92
BUZZ! Quiz World,7.8,0.92
EA Sports Grand Slam Tennis,7.9,0.92
Dynasty Warriors 7,5.8,0.91
Crysis 3,8.2,0.91
Tom Clancy's EndWar,8.0,0.91
Sonic Riders: Zero Gravity,5.8,0.91
Colin McRae Rally 2.0,8.3,0.91
LEGO Pirates of the Caribbean: The Video Game,6.8,0.91
Operation Flashpoint: Dragon Rising,7.3,0.91
Assassin's Creed,7.6,0.91
Homefront,6.6,0.9
Lost Odyssey,7.5,0.9
DJ Hero,8.5,0.9
Marvel: Ultimate Alliance 2,7.4,0.9
Cars 2,8.0,0.9
Burnout Revenge,9.0,0.9
SOCOM 4: U.S. Navy SEALs,7.0,0.9
James Cameron's Avatar: The Game,5.8,0.9
Killzone: Liberation,7.8,0.9
The Biggest Loser: Ultimate Workout,8.0,0.9
3Xtreme,2.9,0.9
Resistance: Retribution,8.0,0.9
Spider-Man 3,4.4,0.9
X-Men Legends,8.2,0.9
Buzz! Master Quiz,7.0,0.9
Madagascar,5.5,0.89
Blitz: The League,7.8,0.89
Castlevania: Circle of the Moon,8.9,0.89
Pure,7.0,0.89
Ni no Kuni II: Revenant Kingdom,8.7,0.89
Fire Emblem: The Sacred Stones,8.4,0.89
Ace Combat 2,8.5,0.89
Dissidia 012: Duodecim Final Fantasy,8.3,0.89
Resident Evil: Revelations,7.8,0.89
Call of Duty: World at War,7.4,0.89
The Tomb Raider Trilogy,8.5,0.89
Assassin's Creed III,8.6,0.89
Fossil Fighters,6.9,0.89
Samba De Amigo,6.7,0.89
The Simpsons Game,7.5,0.89
Buzz! Quiz TV,7.9,0.88
F1 2010,8.4,0.88
Call of Juarez: Bound in Blood,7.7,0.88
The Lord of the Rings: War in the North,6.6,0.88
Call of Duty: Modern Warfare 2,9.0,0.88
Sonic Chronicles: The Dark Brotherhood,7.3,0.88
Rock Band 3,9.4,0.88
F1 2009,6.8,0.88
WWE SmackDown vs. Raw 2011,7.1,0.88
Metal Gear Ac!d,7.4,0.87
Michael Jackson: The Experience,5.6,0.87
Sleeping Dogs,7.9,0.87
Kingdom Hearts Re: Chain of Memories,7.2,0.87
Super Bomberman R,6.3,0.87
Paper Mario: Color Splash,7.4,0.87
Tony Hawk's Project 8,6.6,0.87
Grand Theft Auto IV,9.2,0.87
GRID,8.7,0.87
DiRT,8.4,0.87
Red Faction: Guerrilla,8.4,0.87
Mario Party: Star Rush,6.2,0.87
Brothers In Arms: Hell's Highway,7.6,0.87
Vagrant Story,9.3,0.87
Mercenaries 2: World in Flames,6.0,0.87
Ghostbusters: The Video Game,7.6,0.87
Endless Ocean: Blue World,7.6,0.87
Wii Fit U,7.2,0.86
Tales of the Abyss,7.3,0.86
Lemmings,7.3,0.86
Winning Eleven: Pro Evolution Soccer 2007,8.2,0.86
Guitar Hero: Warriors of Rock,7.1,0.86
Bayonetta 2,9.3,0.86
Tomb Raider: Anniversary,6.8,0.85
2010 FIFA World Cup South Africa,8.4,0.85
Ninja Gaiden Sigma 2,8.5,0.85
Street Fighter Alpha 2,8.2,0.85
Dragon Ball Z: Burst Limit,7.3,0.85
Army of Two: The 40th Day,7.1,0.85
The Legendary Starfy,7.1,0.85
Burnout Legends,8.4,0.85
NCAA Football 11,8.5,0.85
Ratatouille,6.0,0.85
The House of the Dead: Overkill,7.9,0.85
Darksiders II,8.3,0.85
Ghostbusters: The Video Game,7.8,0.84
Spider-Man 2,7.7,0.84
Sniper Elite V2,7.0,0.84
Xenoblade Chronicles X,8.1,0.84
NBA 2K10,8.2,0.84
The Incredibles,6.2,0.84
Skate 2,8.2,0.84
ZombiU,6.9,0.84
Rogue Galaxy,8.3,0.84
MLB 13: The Show,8.5,0.84
Blazing Angels: Squadrons of WWII,4.7,0.84
Metroid: Zero Mission,8.9,0.84
NCAA Football 12,7.7,0.83
Madden NFL 25,7.1,0.83
DJ Hero 2,8.5,0.83
Call of Duty: Modern Warfare 3,4.5,0.83
Ace Combat 3: Electrosphere,7.6,0.83
Time Crisis 4,6.1,0.83
Need for Speed: Nitro,7.0,0.83
Duke Nukem Forever,4.3,0.83
Madden NFL 07,8.3,0.83
Stranglehold,8.0,0.83
Tiger Woods PGA Tour 11,7.9,0.83
Dragon Age II,7.7,0.83
WWE SmackDown vs. Raw 2009,8.2,0.83
Sniper: Ghost Warrior,4.5,0.83
Yu-Gi-Oh! Dark Duel Stories,6.2,0.83
Dragon Ball: Raging Blast 2,6.0,0.83
Twisted Metal (2012),7.9,0.83
Sid Meier's Civilization Revolution,8.4,0.83
Casper,4.9,0.83
Tony Hawk's Underground 2 Remix,8.5,0.82
Marvel: Ultimate Alliance,8.1,0.82
Tony Hawk's Pro Skater 3,9.1,0.82
Need for Speed: Hot Pursuit 2,8.2,0.82
MediEvil: Resurrection,6.5,0.82
The Lord of the Rings: War in the North,6.5,0.82
Patapon,8.7,0.82
The Crew 2,6.5,0.82
Shin Megami Tensei: Persona 4,9.2,0.82
Professor Layton vs Ace Attorney,8.1,0.82
Ready 2 Rumble Boxing: Round 2,7.9,0.81
Tales of Destiny II,7.5,0.81
The Legend of Zelda: Four Swords Adventures,8.4,0.81
Valkyrie Profile,8.1,0.81
Shaun White Snowboarding,6.2,0.81
Madden NFL 16,8.0,0.81
Army Men: Sarge's Heroes,4.2,0.81
Pro Evolution Soccer 2010,7.0,0.81
NCAA Football 10,8.1,0.81
Professor Layton and the Azran Legacy,8.0,0.81
Golden Sun: Dark Dawn,8.0,0.81
Star Wars Rogue Squadron III: Rebel Strike,8.3,0.8
Final Fantasy Anthology,8.6,0.8
DiRT 2,8.8,0.8
Star Wars The Clone Wars: Republic Heroes,4.8,0.8
The Sims 2: Pets,5.8,0.8
Mario & Sonic at the Sochi 2014 Olympic Winter Games,5.9,0.8
Rhythm Heaven Megamix,8.8,0.8
Guitar Hero: Metallica,8.5,0.8
The Amazing Spider-Man (2012),7.3,0.8
Need for Speed: Hot Pursuit 2,7.5,0.8
PES 2009: Pro Evolution Soccer,7.3,0.8
Invizimals,6.6,0.79
Ridge Racer,9.0,0.79
Dead Island: Riptide,5.6,0.79
Harvest Moon: A Wonderful Life,8.2,0.79
Darksiders II,8.6,0.79
Band Hero,7.6,0.79
The Godfather II,6.2,0.79
Star Ocean: The Last Hope,7.3,0.79
MadWorld,8.1,0.78
Tiger Woods PGA Tour 10,8.4,0.78
Too Human,6.5,0.78
Fight Night Champion,8.4,0.78
DJ Hero 2,8.4,0.78
The World Ends With You,8.6,0.78
Star Wars: The Force Unleashed II,7.5,0.78
Naruto Shippuden: Ultimate Ninja Storm 2,7.6,0.78
Tom Clancy's Splinter Cell: Double Agent,8.5,0.78
DJ Hero,8.6,0.78
Sid Meier's Civilization Revolution,8.4,0.78
Rayman Origins,9.0,0.78
Goldeneye 007: Reloaded,7.4,0.78
Need for Speed: ProStreet,5.6,0.78
NBA 2K7,8.2,0.78
James Bond 007: Nightfire,8.1,0.78
Worms: Open Warfare,6.9,0.77
Lips,7.1,0.77
Andretti Racing,7.3,0.77
UFC Personal Trainer: The Ultimate Fitness System,6.0,0.77
Perfect Dark Zero,8.1,0.77
Ghost Squad,7.0,0.77
Star Wars Battlefront: Elite Squadron,6.0,0.77
James Cameron's Avatar: The Game,6.0,0.77
Conker's Bad Fur Day,9.2,0.77
The Sims 3,5.6,0.77
Twisted Metal: Head On,7.5,0.77
Dragon Ball: Raging Blast,5.6,0.77
Need for Speed: Undercover,5.4,0.77
Maximo: Ghosts to Glory,8.7,0.77
Donkey Kong Country 3,7.5,0.77
Unlimited Saga,4.9,0.77
Pokemon Dash,5.3,0.77
Sonic & SEGA All-Stars Racing with Banjo-Kazooie,7.7,0.77
Sonic Unleashed,7.0,0.76
Resident Evil: Revelations,7.6,0.76
Banjo-Kazooie: Nuts & Bolts,8.0,0.76
Band Hero,7.6,0.76
Duke Nukem Forever,4.4,0.76
Tony Hawk's Pro Skater 2,8.5,0.76
Toy Story 3: The Video Game,7.5,0.76
Just Dance 2018,8.0,0.76
PokePark 2: Wonders Beyond,6.5,0.76
Mortal Kombat: Deception,7.4,0.76
Marvel vs. Capcom 2,8.2,0.76
Harry Potter and the Half-Blood Prince,6.0,0.76
Lost Planet 2,6.5,0.76
Kane & Lynch: Dead Men,6.8,0.76
Final Fantasy Legend III,7.0,0.76
Wall-E,7.5,0.75
LEGO City Undercover,8.0,0.75
Genji: Days of the Blade,5.0,0.75
Drawn to Life: The Next Chapter,5.8,0.75
Fire Emblem Echoes: Shadows of Valentia,8.3,0.75
Rockstar Games presents Table Tennis,8.1,0.75
WWE SmackDown vs. Raw 2009,7.9,0.75
Disney Infinity 2.0: Marvel Super Heroes,8.0,0.75
Kane & Lynch: Dead Men,6.8,0.75
Zone of the Enders,7.5,0.75
Coded Arms,6.1,0.75
FIFA 19,5.9,0.75
Madden NFL 06,7.9,0.75
Capcom vs. SNK 2: Mark of the Millennium 2001,7.9,0.75
Tom Clancy's Rainbow Six: Vegas,5.8,0.75
Final Fantasy Tactics A2: Grimoire of the Rift,8.1,0.75
The Lord of the Rings: Conquest,5.8,0.75
Spectrobes,6.2,0.75
Turok,6.6,0.75
Mortal Kombat: Unchained,7.0,0.74
Ace Combat: Assault Horizon,7.5,0.74
The Godfather II,6.4,0.74
Sega Superstars Tennis,6.2,0.74
Red Faction: Guerrilla,8.6,0.74
X-Men Origins: Wolverine - Uncaged Edition,7.0,0.74
Need for Speed (2015),6.7,0.74
Tales of Vesperia,8.1,0.74
Resonance of Fate,7.5,0.74
Sonic Forces,5.4,0.74
The Amazing Spider-Man (2012),6.8,0.74
Marvel: Ultimate Alliance 2,7.8,0.74
Brink,7.1,0.73
Crysis 2,8.7,0.73
MLB 10: The Show,8.6,0.73
WWE SmackDown vs. Raw 2010,7.8,0.73
Need for Speed: Payback,5.9,0.73
Croc 2,6.5,0.73
NHL 11,8.8,0.73
MLB 14 The Show,8.3,0.73
Madden NFL 11,6.8,0.73
NCAA Football 07,8.0,0.73
Star Ocean: The Last Hope International,8.1,0.73
Katamari Damacy,8.5,0.73
James Bond 007: Agent Under Fire,7.5,0.72
Indiana Jones and the Staff of Kings,5.1,0.72
XCOM: Enemy Unknown,9.0,0.72
Monster Hunter Generations Ultimate,7.7,0.72
Rabbids Go Home,8.8,0.72
MLB 09: The Show,8.9,0.72
Tiger Woods PGA Tour 07,7.8,0.72
Kirby: Canvas Curse,8.9,0.72
Madden NFL 10,7.5,0.72
Blur,8.3,0.72
James Cameron's Avatar: The Game,5.9,0.72
Battlefield: Bad Company 2,8.8,0.72
F1 2011,8.5,0.72
Mx vs. ATV Reflex,7.4,0.72
Mortal Kombat (2011),8.8,0.71
DiRT 3,9.1,0.71
Virtua Fighter 4: Evolution,8.9,0.71
Astro Bot Rescue Mission,8.5,0.71
Godzilla: Destroy All Monsters Melee,7.5,0.71
Conker: Live And Reloaded,8.1,0.71
Silent Hill 3,8.4,0.71
Yu-Gi-Oh! The Falsebound Kingdom,4.4,0.71
The LEGO Movie Videogame,6.0,0.71
Madden NFL 08,7.3,0.71
Spyro: Enter the Dragonfly,5.0,0.71
Blast Corps,9.1,0.71
Madden NFL 09,6.9,0.71
Monster Hunter 3 Ultimate,8.7,0.71
LEGO Harry Potter: Years 1-4,7.5,0.71
South Park,1.7,0.71
Catherine,7.9,0.71
Doom 3: Resurrection of Evil,8.2,0.71
Plants vs Zombies: Garden Warfare,7.6,0.71
Spider-Man 2,6.4,0.7
Ace Attorney Investigations: Miles Edgeworth,7.7,0.7
Tony Hawk's Underground,9.0,0.7
FIFA Soccer 11,7.0,0.7
Madden NFL 2005,9.2,0.7
Infinite Undiscovery,6.8,0.7
F-14 Tomcat,6.9,0.7
RIFT,8.3,0.7
Jade Empire,9.0,0.7
Chocobo's Dungeon 2,6.2,0.7
NHL 12,8.8,0.7
Advance Wars,9.4,0.7
Ape Escape: On the Loose,6.6,0.7
James Bond 007: Blood Stone,6.2,0.7
Transformers: Revenge of the Fallen,6.5,0.7
Mafia,6.5,0.7
The Sims: Medieval,7.2,0.7
Monster Hunter Stories,8.1,0.7
TimeSplitters 2,9.1,0.7
Rocksmith 2014,9.0,0.7
Driver: San Francisco,8.1,0.7
Classic NES Series: Zelda II: The Adventure of Link,6.6,0.7
LEGO Rock Band,6.8,0.7
Disney's Chicken Little,7.9,0.7
MotionSports,4.1,0.69
Metal Gear Solid: Portable Ops Plus,6.9,0.69
Halo 2 Multiplayer Map Pack,8.6,0.69
Mortal Kombat: Shaolin Monks,8.0,0.69
MX vs. ATV Unleashed: On the Edge,7.3,0.69
The Evil Within,7.9,0.69
The Sly Collection,8.7,0.69
Terraria,7.8,0.69
Fortnite,8.5,0.69
Dragon Ball Z: Budokai,6.8,0.69
Top Spin 4,8.2,0.69
Kirby's Dream Collection: Special Edition,8.0,0.69
X-Men Origins: Wolverine - Uncaged Edition,7.1,0.69
IL-2 Sturmovik: Birds of Prey,8.0,0.69
The Lord of the Rings: The Return of the King,8.7,0.69
Mario Party: The Top 100,5.0,0.69
Rayman Legends,4.5,0.69
Baldur's Gate: Dark Alliance II,7.8,0.68
Test Drive Unlimited 2,6.8,0.68
Hot Shots Golf: Open Tee 2,8.0,0.68
Rayman Legends,9.5,0.68
The Last Remnant,6.5,0.68
Iron Man,5.1,0.68
Bushido Blade 2,7.5,0.68
Suikoden II,8.5,0.68
.hack//Mutation Part 2,7.5,0.68
NHL 13,8.2,0.68
Need for Speed: Shift 2 Unleashed,8.4,0.67
Spider-Man 3,6.6,0.67
Call of Duty: Ghosts,8.8,0.67
Contra: Legacy of War,6.5,0.67
Disney Infinity,7.6,0.67
Diablo III: Eternal Collection,9.0,0.67
The Sims 3,7.5,0.67
Wild ARMs 2,6.5,0.67
Unreal Tournament III,8.6,0.67
Mass Effect,9.1,0.67
100 Classic Books,4.0,0.67
Madden NFL 10,8.0,0.67
Napoleon: Total War,8.5,0.67
Blazing Angels: Squadrons of WWII,6.8,0.67
"The Chronicles of Narnia: The Lion, The Witch and The Wardrobe",6.8,0.67
Final Fantasy Crystal Chronicles: Ring of Fates,7.7,0.66
Command & Conquer: Red Alert 3,8.2,0.66
WWE SmackDown vs. RAW 2007,7.8,0.66
NHL 13,8.3,0.66
Book of Spells,6.5,0.66
2014 FIFA World Cup Brazil,7.9,0.66
London 2012: The Official Video Game of the Olympic Games,6.2,0.66
Castlevania: Lords of Shadow,7.9,0.66
Darkstone,6.7,0.66
Ratatouille,6.6,0.66
Madagascar,6.8,0.66
NHL 10,9.1,0.66
Legend of Legaia,8.1,0.66
The Sims: Bustin' Out,7.9,0.66
Fist of the North Star: Ken's Rage,4.8,0.66
Suikoden IV,6.3,0.66
Gods Eater Burst,7.1,0.66
Disney's Kim Possible 2: Drakken's Demise,8.3,0.66
Shaun White Snowboarding,6.0,0.66
Dead or Alive 5,7.6,0.65
Radiata Stories,7.7,0.65
MX vs. ATV Untamed,5.6,0.65
Transformers: The Game,4.3,0.65
F-Zero GX,8.4,0.65
Disney's Chicken Little,6.3,0.65
Tiger Woods PGA Tour 09,8.5,0.65
Scene It? Box Office Smash,7.6,0.65
Wall-E,7.7,0.65
Advance Wars 2: Black Hole Rising,8.8,0.65
Centipede,5.9,0.65
007: Quantum of Solace,5.6,0.65
Champions: Return to Arms,7.7,0.65
Harry Potter and the Goblet of Fire,6.7,0.65
Tiger Woods PGA Tour 10,8.3,0.65
LEGO City Undercover,8.0,0.65
Star Ocean: First Departure,7.5,0.65
Far Cry 4,8.5,0.65
Drawn to Life: The Next Chapter,7.4,0.65
Crash Bandicoot Purple: Ripto's Rampage,6.7,0.64
Shin Megami Tensei: Persona 3 Portable,8.9,0.64
Rayman 3D,6.3,0.64
Max Payne 2: The Fall of Max Payne,8.6,0.64
Sengoku Basara: Samurai Heroes,6.1,0.64
New Play Control! Pikmin,7.7,0.64
Dragon Ball: Raging Blast 2,6.0,0.64
Real Heroes: Firefighter,7.4,0.64
X2: Wolverine's Revenge,5.8,0.64
Castlevania,7.6,0.64
Rayman 2: The Great Escape,9.0,0.64
Dead Island: Riptide,6.6,0.64
Just Dance 2014,7.5,0.64
Rock Band 3,9.2,0.64
Konami Collector's Series: Arcade Advanced,8.0,0.64
Lost Planet: Extreme Condition,6.3,0.64
Crash of the Titans,6.3,0.64
X-Men Legends II: Rise of Apocalypse,8.5,0.63
White Knight Chronicles II,5.4,0.63
LEGO Star Wars II: The Original Trilogy,8.2,0.63
The Sims 3: Generations,6.5,0.63
Sim Theme Park,8.5,0.63
Iron Man,5.0,0.63
Wolfenstein,7.2,0.63
The Lord of the Rings: Conquest,5.9,0.63
Dragon Age II,7.9,0.63
LEGO The Incredibles,6.5,0.63
Assassin's Creed IV: Black Flag,8.5,0.63
Condemned 2: Bloodshot,8.2,0.63
Dogz,4.1,0.63
A Bug's Life,6.1,0.63
LEGO Pirates of the Caribbean: The Video Game,7.0,0.63
XCOM: Enemy Unknown,8.8,0.63
Ape Escape 2,8.0,0.63
Shin Megami Tensei: Persona 3 FES,8.7,0.63
Okami,9.4,0.63
Transformers: Revenge of the Fallen,6.1,0.63
Tony Hawk's Project 8,7.9,0.63
NieR,6.6,0.63
Namco Museum,5.3,0.63
Test Drive Unlimited 2,6.9,0.63
Ghostbusters: The Video Game,7.7,0.62
Metal Gear Solid 2: Substance,8.7,0.62
Wild ARMs 3,7.6,0.62
Madden NFL 07,8.5,0.62
Donkey Kong Barrel Blast,4.8,0.62
Jak and Daxter: The Lost Frontier,7.5,0.62
Red Steel 2,7.8,0.62
Disney Universe,7.4,0.62
Viewtiful Joe,9.4,0.62
Beetle Adventure Racing!,9.2,0.62
DJ Hero 2,8.7,0.62
Start the Party!,6.1,0.62
Prince of Persia: The Forgotten Sands,7.5,0.62
Tomb Raider III: Adventures of Lara Croft,7.3,0.62
Phoenix Wright: Ace Attorney - Trials and Tribulations,7.9,0.62
Wall-E,5.3,0.62
NBA 2K9,8.3,0.62
Dragon Ball Z: Ultimate Tenkaichi,5.0,0.62
Wet,6.9,0.62
Fire Emblem: Shadow Dragon,8.2,0.61
Metroid Prime: Trilogy,9.0,0.61
Vanquish,8.5,0.61
Samurai Warriors 2,5.6,0.61
Advance Wars: Days of Ruin,8.4,0.61
Sacred 2: Fallen Angel,7.1,0.61
Tony Hawk: RIDE,4.4,0.61
Half-Life 2,8.9,0.61
New Play Control! Pikmin 2,8.7,0.61
Pro Evolution Soccer 2011,6.0,0.61
Final Fantasy IV Advance,8.6,0.61
Harry Potter and the Goblet of Fire,6.0,0.61
Dragon Ball Z: Buu's Fury,5.9,0.61
Madden NFL 2002,8.6,0.61
James Cameron's Avatar: The Game,3.9,0.61
Tony Hawk: RIDE,4.5,0.61
Game & Watch Gallery 4,6.4,0.61
Wave Race: Blue Storm,8.4,0.6
Ben 10: Alien Force,5.2,0.6
Backyard Wrestling: Don't Try This at Home,6.0,0.6
Okami,9.0,0.6
NBA 2K7,8.4,0.6
Suikoden,8.2,0.6
Muramasa: The Demon Blade,8.0,0.6
Fighters Uncaged,3.2,0.6
Secret Agent Clank,7.0,0.6
Rayman Arena,6.7,0.6
Call of Juarez: Bound in Blood,7.6,0.6
Half-Life,8.4,0.6
Split/Second,8.4,0.6
Transformers: The Game,5.2,0.6
PGR3 - Project Gotham Racing 3,8.8,0.6
NHL 11,8.8,0.59
MLB 11: The Show,8.9,0.59
Medal of Honor: Frontline,8.0,0.59
LEGO Indiana Jones 2: The Adventure Continues,5.2,0.59
Rock Band 2,7.9,0.59
Final Fantasy Anniversary Edition,7.4,0.59
Transformers: War for Cybertron,7.3,0.59
Dead Space,8.8,0.59
Metal Gear Solid V: Ground Zeroes,8.5,0.59
Kane & Lynch 2: Dog Days,6.3,0.59
2002 FIFA World Cup,7.9,0.59
Crash Bandicoot: The Wrath of Cortex,6.0,0.59
Skylanders: SuperChargers,8.0,0.59
Assassin's Creed: Brotherhood,8.7,0.59
Ready 2 Rumble Boxing,7.8,0.59
Dead or Alive Xtreme Beach Volleyball,6.6,0.59
Call of Duty: Black Ops,7.0,0.59
XCOM: Enemy Unknown,9.1,0.59
WarioWare D.I.Y.,8.3,0.59
Shin Megami Tensei IV,8.3,0.59
Silent Hill: Shattered Memories,8.0,0.59
The Fight: Lights Out,4.7,0.59
Madden NFL 06,7.7,0.59
Asphalt: Urban GT,5.0,0.59
Blur,8.3,0.59
Alice: Madness Returns,6.7,0.59
Harvest Moon: Friends of Mineral Town,7.6,0.59
Naruto: The Broken Bond,7.6,0.59
Final Fantasy Explorers,7.3,0.59
LEGO Worlds,5.0,0.58
Diablo,8.3,0.58
Romancing SaGa,6.0,0.58
NHL 12,8.6,0.58
Guitar Hero: Smash Hits,7.5,0.58
Deus Ex: Human Revolution,8.7,0.58
Tom Clancy's HAWX,6.9,0.58
International Superstar Soccer '98,9.1,0.58
Final Fantasy: The 4 Heroes of Light,7.2,0.58
Kirby and the Rainbow Curse,8.2,0.58
Xenosaga Episode II: Jenseits von Gut und Bose,7.3,0.58
Contra: Shattered Soldier,7.3,0.58
Championship Motocross featuring Ricky Carmichael,7.5,0.58
Skate it,6.6,0.58
Disney Magic World 2,7.5,0.58
Tenchu 2: Birth of the Stealth Assassins,8.5,0.58
Tony Hawk's Pro Skater 4,9.2,0.58
Disgaea 4: A Promise Unforgotten,7.9,0.58
NCAA Football 10,8.0,0.58
ATV Offroad Fury: Blazin' Trails,5.9,0.57
Tomb Raider: Anniversary,7.7,0.57
BlazBlue: Calamity Trigger,8.5,0.57
Tales of the Abyss,8.0,0.57
Bayonetta 2,9.5,0.57
Blacksite: Area 51,6.3,0.57
Ultra Street Fighter II: The Final Challengers,7.0,0.57
StarCraft II: Legacy of the Void,8.8,0.57
Rock Band 3,9.2,0.57
Harvest Moon: The Tale of Two Towns,6.3,0.57
Beyond The Beyond,4.8,0.57
Madden NFL 06,8.7,0.57
London 2012: The Official Video Game of the Olympic Games,5.5,0.57
NHL 10,9.1,0.57
Harvest Moon: Sunshine Islands,9.0,0.57
3D Dot Game Heroes,7.5,0.57
Disney Universe,6.7,0.57
Trivial Pursuit,7.3,0.57
FIFA World Cup Germany 2006,7.9,0.57
Starlink: Battle for Atlas,7.5,0.57
Top Spin 3,7.8,0.57
SpongeBob SquarePants: Battle for Bikini Bottom,6.7,0.57
Spider-Man 3,6.0,0.57
Resident Evil Outbreak File #2,5.8,0.57
The Sims 3: World Adventures,8.2,0.57
Breath of Fire IV,8.4,0.56
True Crime: Streets of LA,8.1,0.56
Everybody's Golf,8.1,0.56
Odin Sphere,8.0,0.56
Final Fantasy IV: The Complete Collection,8.0,0.56
The Incredible Hulk,6.0,0.56
The Lord of the Rings: The Return of the King,7.4,0.56
"Warhammer 40,000: Space Marine",7.3,0.56
LEGO Rock Band,7.3,0.56
Tony Hawk's Project 8,6.3,0.56
Top Spin 3,8.1,0.56
Tom Clancy's HAWX,7.5,0.56
Battlefield 2: Modern Combat,7.5,0.56
Xenoblade Chronicles,8.6,0.56
Tetris Party Deluxe,7.3,0.56
Puzzle & Dragons Z + Super Mario Bros. Edition,7.8,0.56
Metroid: Samus Returns,9.1,0.56
Need for Speed: Most Wanted,8.3,0.56
Resident Evil 2,9.0,0.56
Bravely Second: End Layer,7.4,0.56
Wolfenstein,7.3,0.56
Tony Hawk's Proving Ground,7.2,0.56
Barbie Groovy Games,3.0,0.56
Archer Maclean's Mercury,7.7,0.56
Blinx: The Time Sweeper,6.8,0.56
Enslaved: Odyssey to the West,7.9,0.56
No More Heroes,8.2,0.56
MX 2002 Featuring Ricky Carmichael,8.0,0.56
NCAA Football 07,8.8,0.56
Lunar: Silver Star Story Complete,7.6,0.55
Metal Gear Solid 3: Subsistence,9.4,0.55
WWF Raw (2002),6.5,0.55
Ratchet & Clank: Quest for Booty,7.6,0.55
Poochy & Yoshi's Woolly World,7.5,0.55
MX vs. ATV: Alive,6.9,0.55
Batman: Vengeance,7.1,0.55
Disgaea 3: Absence of Justice,7.8,0.55
Puyo Puyo Tetris,8.3,0.55
Secret Agent Clank(US sales),7.2,0.55
Dragon Ball: Xenoverse 2,8.0,0.55
Shrek 2,6.7,0.55
Donkey Kong Jungle Climber,7.8,0.55
Petz Catz Clan,5.0,0.55
Viva Pinata: Pocket Paradise,8.1,0.55
ModNation Racers,7.7,0.54
Dynasty Warriors: Gundam 3,6.5,0.54
The SpongeBob SquarePants Movie,6.8,0.54
Dragon Ball Z: Shin Budokai,7.4,0.54
FIFA 07 Soccer,8.1,0.54
Bulletstorm,8.4,0.54
Enslaved: Odyssey to the West,8.0,0.54
Tiger Woods PGA Tour 11,8.3,0.54
NBA Live 10,7.9,0.54
Hotel Dusk: Room 215,8.0,0.54
Just Dance 2015,8.1,0.54
Assassin's Creed II,8.5,0.54
Dragon Ball Z: Ultimate Tenkaichi,6.0,0.54
Valkyria Chronicles II,8.1,0.54
Gauntlet Legends,6.0,0.54
Bust A Groove,7.7,0.54
Fire Emblem: Path of Radiance,8.6,0.54
METRO 2033,7.4,0.54
Mario Tennis Ultra Smash,6.1,0.54
Tactics Ogre: Let Us Cling Together,9.0,0.54
Two Worlds II,6.5,0.54
SSX Tricky,8.4,0.54
Sacred 2: Fallen Angel,7.0,0.54
The Sims 3: Pets,7.5,0.54
Time Crisis: Razing Storm,5.8,0.54
Over the Hedge,6.5,0.54
Tatsunoko vs. Capcom: Ultimate All-Stars,8.3,0.54
Dragon Ball: Fusions,6.3,0.54
Manhunt 2,5.8,0.54
NBA Street Vol. 2,8.8,0.54
LEGO The Incredibles,6.5,0.53
Rune Factory: A Fantasy Harvest Moon,8.1,0.53
Clock Tower,6.1,0.53
G-Force,7.0,0.53
007 Racing,6.1,0.53
Phoenix Wright: Ace Attorney - Justice for All,7.6,0.53
Blitz: The League,7.9,0.53
Inazuma Eleven,6.8,0.53
Excite Truck,7.0,0.53
Ty the Tasmanian Tiger 2: Bush Rescue,7.3,0.53
Tom Clancy's Ghost Recon Advanced Warfighter 2,6.5,0.53
Sonic & Sega All-Stars Racing Transformed,6.9,0.53
X-Men Legends,8.6,0.53
Terminator Salvation,5.0,0.53
Madden NFL 07,8.0,0.53
F1 2009,7.4,0.53
Star Fox Command,7.2,0.53
Wayne Gretzky's 3D Hockey,8.1,0.53
Seaman,8.1,0.52
Sesame Street: Once Upon A Monster,8.0,0.52
Silent Hill: Origins,7.8,0.52
Mystery Dungeon: Shiren the Wanderer,7.1,0.52
GT Pro Series,3.7,0.52
Tales of Symphonia: Dawn of the New World,6.8,0.52
Tiger Woods PGA Tour 11,8.1,0.52
F.E.A.R. 2: Project Origin,7.9,0.52
Final Fantasy Chronicles,9.2,0.52
Cars 2,7.5,0.52
Metal Gear Solid 2: Substance,8.5,0.52
Fight Night Round 3,7.2,0.52
We Love Katamari,8.2,0.52
Ready 2 Rumble Boxing: Round 2,6.5,0.52
The 3rd Birthday,7.0,0.52
Rune Factory 2: A Fantasy Harvest Moon,7.9,0.52
Way of the Samurai 3,6.5,0.52
Spectrobes: Beyond the Portals,7.3,0.52
Harry Potter and the Prisoner of Azkaban,7.0,0.52
Metal Gear Solid HD Collection,9.1,0.52
Lair,5.5,0.51
DC Universe Online,6.5,0.51
Alice in Wonderland,6.3,0.51
Madden NFL 2004,9.2,0.51
SoulCalibur: Broken Destiny,8.0,0.51
NBA Live 07,7.0,0.51
Major League Baseball 2K10,7.4,0.51
Ratatouille,5.2,0.51
Pro Evolution Soccer 2010,8.1,0.51
Bleach: Soul Resurreccion,6.7,0.51
Prince of Persia Trilogy,8.3,0.51
Disney's Kim Possible: Revenge of Monkey Fist,5.0,0.51
Dynasty Warriors,6.6,0.51
Ace Combat Zero: The Belkan War,7.5,0.51
Final Fantasy II Anniversary Edition,6.5,0.51
Dragon Ball: Raging Blast,5.8,0.51
NHL 07,7.2,0.51
Theatrhythm: Final Fantasy,7.8,0.51
Dragon Ball Z: Supersonic Warriors,7.1,0.51
Test Drive Unlimited,7.7,0.51
Fire Emblem Warriors,7.3,0.51
The Saboteur,7.2,0.51
Dragon Age: Origins,9.1,0.5
Bully: Scholarship Edition,8.4,0.5
Rock Band Unplugged,8.0,0.5
Ratatouille,6.5,0.5
NHL 09,9.0,0.5
Tiger Woods PGA Tour 07,8.1,0.5
R.U.S.E.,8.0,0.5
WWE SmackDown vs. RAW 2007,8.0,0.5
Picross DS,8.4,0.5
Avatar: The Last Airbender,5.5,0.5
Transformers: War for Cybertron,7.8,0.5
Hitman: Blood Money,8.2,0.5
Pro Evolution Soccer 2012,7.7,0.5
Goldeneye 007: Reloaded,7.4,0.5
Tactics Ogre: The Knight of Lodis,8.5,0.5
Burnout Revenge,8.8,0.5
Hometown Story,5.5,0.5
Dead or Alive Ultimate,8.1,0.5
Pokemon Art Academy,7.8,0.5
Epic Mickey: Power of Illusion,6.6,0.5
Tony Hawk's Underground 2,8.6,0.5
Picross 3D,8.7,0.5
Ridge Racer 3D,7.4,0.5
Alice: Madness Returns,6.9,0.5
Super Monkey Ball 3D,5.7,0.5
Rayman Advance,8.4,0.5
Wet,6.9,0.5
Spider-Man 2,6.1,0.5
Steel Diver,5.6,0.5
Madden NFL 07,8.2,0.5
Resident Evil: The Mercenaries 3D,6.3,0.49
Dynasty Warriors: Gundam 2,5.9,0.49
Tony Hawk's Project 8,8.4,0.49
Story of Seasons: Trio of Towns,7.9,0.49
Babysitting Mama,3.8,0.49
Fire Emblem: Radiant Dawn,7.7,0.49
FIFA 13,7.0,0.49
Mario Golf: World Tour,8.1,0.49
Ace Combat: Assault Horizon,7.0,0.49
The Matrix: Path of Neo,6.8,0.49
Star Wars Battlefront: Elite Squadron,5.9,0.49
Asphalt 3D,4.0,0.49
Star Wars Battlefront (2015),7.5,0.49
Grandia III,7.5,0.49
Kane & Lynch 2: Dog Days,6.4,0.49
Animal Crossing: Amiibo Festival,4.8,0.49
MotorStorm: Apocalypse,7.6,0.49
F1 2012,8.5,0.49
Dragon Ball Z: Burst Limit,7.3,0.49
Crazy Taxi,7.2,0.49
Art Academy: Lessons for Everyone!,8.0,0.49
Tales of Legendia,7.2,0.49
Alone in the Dark,6.3,0.49
Cars 2,7.5,0.48
Yu-Gi-Oh! Forbidden Memories (JP sales),6.3,0.48
Atelier Rorona: Alchemist of Arland,6.4,0.48
You're in the Movies,5.1,0.48
Dark Sector,7.1,0.48
Tiger Woods PGA Tour 07,8.2,0.48
Far Cry 2,8.4,0.48
A Way Out,7.5,0.48
The Saboteur,7.1,0.48
Harvest Moon 64,7.8,0.48
Crazy Taxi: Fare Wars,6.3,0.48
Sonic Lost World,5.2,0.48
Theme Park Roller Coaster,7.9,0.48
Alice in Wonderland,7.0,0.48
Children of Mana,7.0,0.48
FIFA World Cup Germany 2006,7.8,0.48
Fantavision,8.0,0.47
Alien Trilogy,8.0,0.47
Spider-Man 3,4.8,0.47
Luigi's Mansion,7.3,0.47
Dynasty Warriors Gundam,6.4,0.47
Dark Sector,7.2,0.47
James Bond 007: Blood Stone,6.2,0.47
WipEout,8.0,0.47
NBA Live 07,6.0,0.47
F.E.A.R. 2: Project Origin,8.2,0.47
ICO,8.8,0.47
Unreal Tournament III,7.8,0.47
2010 FIFA World Cup South Africa,6.8,0.47
Valkyrie Profile 2: Silmeria,8.4,0.47
Dragon Age Origins: Awakening,8.3,0.47
Shadowrun (2007),6.3,0.47
Dead Space Extraction,8.2,0.47
Doom 64,7.4,0.47
Quest 64,5.4,0.47
Viva Pinata: Trouble in Paradise,8.5,0.47
Need for Speed Carbon,7.9,0.47
Silent Hill: Shattered Memories,7.3,0.47
FlingSmash,3.8,0.47
"Warhammer 40,000: Dawn of War II",8.7,0.47
Final Fantasy Crystal Chronicles: Echoes of Time,7.7,0.47
Detective Pikachu,7.1,0.47
Knack 2,6.7,0.47
Spider-Man: Friend or Foe,5.3,0.47
Spider-Man 3,8.0,0.47
Just Dance 2014,7.5,0.47
Two Worlds II,6.5,0.47
Sonic Mania,8.8,0.47
Petz Sports,5.0,0.47
Dance Dance Revolution: Mario Mix,7.0,0.47
Metal Gear Solid: The Twin Snakes,8.1,0.47
Tiger Woods PGA Tour 07,7.1,0.47
Mat Hoffman's Pro BMX 2,8.1,0.46
Metal Gear Solid: The Essential Collection,9.0,0.46
MX vs. ATV: Alive,6.9,0.46
Iridion 3D,5.6,0.46
Syphon Filter: Logan's Shadow,8.4,0.46
FIFA Soccer 12,9.1,0.46
Classic NES Series: Pac-Man,5.7,0.46
Dragon Ball Z: Collectible Card Game,6.0,0.46
Brothers In Arms: D-Day,6.8,0.46
Disney's Kim Possible 3: Team Possible,9.0,0.46
Tomb Raider: Legend,7.2,0.46
Red Faction: Armageddon,7.0,0.46
Tales of Vesperia,8.0,0.46
Need for Speed: Hot Pursuit,5.0,0.46
Mario Sports Superstars,6.0,0.46
State of Decay 2,7.0,0.46
Mega Man Star Force 3: Black Ace / Red Joker,5.7,0.46
Crash Nitro Kart,7.7,0.46
Boom Blox Bash Party,8.8,0.46
Jak and Daxter: The Lost Frontier,7.5,0.46
Hyrule Warriors: Definitive Edition,8.0,0.46
Bloody Roar II,8.2,0.46
.hack//Outbreak Part 3,7.1,0.46
The Golden Compass,4.4,0.46
ATV Offroad Fury Pro,7.6,0.46
Tomb Raider: Underworld,6.3,0.45
Enter the Matrix,6.5,0.45
Dead or Alive: Dimensions,7.8,0.45
Scooby-Doo! and the Spooky Swamp,7.6,0.45
Bleach: The Blade of Fate,8.2,0.45
Band Hero,6.3,0.45
Vin Diesel: Wheelman,6.7,0.45
Phantasy Star Online Episode I & II,8.2,0.45
The Powerpuff Girls: Relish Rampage,3.8,0.45
Burnout Dominator,7.8,0.45
The Sims 3: Ambitions,7.9,0.45
Area 51,7.7,0.45
Enemy Territory: Quake Wars,6.7,0.45
Dynasty Warriors: Strikeforce,6.4,0.45
Lego Batman 3: Beyond Gotham,7.4,0.45
Command & Conquer: Red Alert 3,7.4,0.45
F.E.A.R. 3,7.8,0.45
Apocalypse,6.7,0.45
L.A. Noire,7.9,0.45
PES 2009: Pro Evolution Soccer,8.4,0.45
Style Savvy: Styling Star,8.5,0.45
Tekken Advance,8.3,0.45
Shin Megami Tensei: Persona 3,8.7,0.45
LEGO Rock Band,8.4,0.45
Persona,8.1,0.45
Hot Wheels: Stunt Track Challenge,5.3,0.45
TNA iMPACT!,6.4,0.45
Bee Movie Game,6.0,0.45
"Warhammer 40,000: Space Marine",7.3,0.45
NBA Live 2005,8.5,0.45
F.E.A.R. 3,7.8,0.45
WWE Day of Reckoning,8.1,0.45
Worms: Open Warfare 2,8.1,0.45
Vandal Hearts,7.7,0.45
Virtua Tennis 4,6.4,0.45
Sid Meier's Civilization Revolution,8.2,0.45
Silent Hill: Homecoming,7.6,0.45
SOCOM: U.S. Navy SEALs Fireteam Bravo 3,7.5,0.45
Major League Baseball 2K6,7.3,0.44
Shin Megami Tensei: Devil Survivor Overclocked,7.6,0.44
X-Men Legends II: Rise of Apocalypse,8.3,0.44
Battlefield 2: Modern Combat,7.6,0.44
Hey! Pikmin,6.8,0.44
Chocobo Racing,5.4,0.44
LEGO Star Wars II: The Original Trilogy,8.3,0.44
Viking: Battle for Asgard,6.2,0.44
Dragon Quest Heroes: Rocket Slime,8.3,0.44
Blood Omen: Legacy of Kain,7.8,0.44
G-Force,7.5,0.44
Star Fox: Zero,6.7,0.44
Dragon Ball FighterZ,9.0,0.44
SingStar Queen,6.8,0.44
Tetris Axis,7.8,0.44
Story of Seasons,7.7,0.44
Madden NFL 12,7.0,0.44
Samurai Warriors 3,5.1,0.44
Yu-Gi-Oh! 5D's Tag Force 4,7.0,0.44
Wario World,7.5,0.44
2014 FIFA World Cup Brazil,7.3,0.44
Crash: Mind Over Mutant,7.5,0.44
Eternal Sonata,8.3,0.44
Hyperdimension Neptunia,5.3,0.44
Battlebots: Design & Destroy,4.0,0.44
Need for Speed: Shift 2 Unleashed,8.5,0.44
Eternal Darkness: Sanity's Requiem,9.3,0.44
Child of Eden,8.3,0.44
The Darkness,8.3,0.44
Naughty Bear,4.5,0.44
LEGO DC Super-Villains,7.8,0.44
Primal,7.1,0.43
007: Quantum of Solace,7.8,0.43
NiGHTS into dreams...,9.1,0.43
Dragon Ball Z: Shin Budokai - Another Road,7.2,0.43
Crash: Mind Over Mutant,4.8,0.43
MLB 14 The Show,8.2,0.43
OkamiDen,8.3,0.43
Rocksmith 2014,9.0,0.43
Mischief Makers,6.5,0.43
Castlevania: Dawn of Sorrow,8.9,0.43
NBA 2K18,7.5,0.43
Doom (2016),8.2,0.43
Tales of the World: Radiant Mythology,7.0,0.43
Atelier Totori: The Adventurer of Arland,7.8,0.43
Dawn of Mana,6.3,0.43
Madden NFL 2003,9.1,0.43
Def Jam Icon,6.6,0.43
Sin and Punishment: Star Successor,8.4,0.43
Juiced: Eliminator,6.6,0.42
Pirates of the Caribbean: At World's End,6.0,0.42
Medal of Honor: Rising Sun,6.6,0.42
2010 FIFA World Cup South Africa,6.8,0.42
Tony Hawk's American Wasteland,8.4,0.42
Command & Conquer 3: Tiberium Wars,7.6,0.42
Colony Wars,8.8,0.42
Grandia,8.7,0.42
Guitar Hero: Smash Hits,7.1,0.42
Horsez,4.0,0.42
LEGO Rock Band,7.4,0.42
How to Train Your Dragon,6.6,0.42
Army Men: Sarge's Heroes 2,6.0,0.42
Dr. Mario 64,6.0,0.42
James Bond 007: Everything or Nothing,7.4,0.42
NBA Live 06,8.1,0.42
Mega Man Anniversary Collection,7.5,0.42
Call of Duty: Black Ops II,8.6,0.42
NHL Slapshot,7.6,0.42
Harry Potter and the Goblet of Fire,6.7,0.42
Valkyrie Profile: Covenant of the Plume,7.5,0.42
Call of Duty: Advanced Warfare,8.6,0.42
Sonic Gems Collection,6.9,0.42
Castlevania: Curse of Darkness,7.2,0.42
Vanquish,8.3,0.42
Castlevania: The Dracula X Chronicles,8.0,0.42
Zack & Wiki: Quest for Barbaros' Treasure,8.7,0.42
Blazing Angels: Squadrons of WWII,6.4,0.42
Zone of the Enders: The 2nd Runner,8.6,0.41
Dexter's Laboratory Deesaster Strikes,6.5,0.41
Sega Rally Championship 2,8.5,0.41
TimeShift,7.0,0.41
300: March to Glory,4.9,0.41
Call of Duty: Modern Warfare: Mobilized,7.6,0.41
WWE All Stars,7.6,0.41
BlazBlue: Continuum Shift,8.7,0.41
Command & Conquer: Red Alert,7.8,0.41
Ogre Battle 64: Person of Lordly Caliber,9.1,0.41
NiGHTS: Journey of Dreams,7.0,0.41
Transformers: Revenge of the Fallen,3.8,0.41
Armored Core,7.2,0.41
Top Spin 4,8.2,0.41
SpongeBob SquigglePants,5.4,0.41
Katamari Forever,7.3,0.41
Madden NFL Football,4.5,0.41
Band Hero,6.0,0.41
Mortal Kombat: Deadly Alliance,8.6,0.41
NBA 2K9,7.0,0.41
Green Day: Rock Band,7.8,0.41
Nintendo Labo: Toy-Con 03 Vehicle Kit,7.0,0.41
"Ed, Edd n Eddy: The Mis-Edventures",4.8,0.41
Battlefield 2: Modern Combat,7.8,0.41
NBA Jam,8.0,0.41
Rune Factory 3: A Fantasy Harvest Moon,8.0,0.41
Naughty Bear,4.4,0.41
Spider-Man: Web of Shadows,6.6,0.4
TNA iMPACT!,6.3,0.4
Beowulf: The Game,4.9,0.4
Overlord,7.7,0.4
Harry Potter: Quidditch World Cup,7.2,0.4
Project X Zone,6.5,0.4
The Gunstringer,7.6,0.4
Power Rangers: Dino Thunder,5.3,0.4
Yu-Gi-Oh! 5D's Stardust Accelerator: World Championship 2009,7.5,0.4
James Cameron's Avatar: The Game,6.4,0.4
Fighting Vipers,8.0,0.4
18 Wheeler: American Pro Trucker,6.0,0.4
Bugs Bunny: Lost in Time,7.0,0.4
Marvel: Ultimate Alliance,6.9,0.4
Sega Superstars Tennis,6.8,0.4
Spore Hero,5.8,0.4
The Urbz: Sims in the City,7.6,0.4
WWE SmackDown! vs. RAW 2006,8.1,0.4
Rocket League,9.2,0.4
You Don't Know Jack,8.5,0.4
Star Wars The Clone Wars: Republic Heroes,5.9,0.4
Star Wars: Clone Wars,7.3,0.4
Castlevania: Portrait of Ruin,8.5,0.4
I-Ninja,7.2,0.4
Command & Conquer,8.4,0.4
Harvest Moon: Save the Homeland,7.8,0.4
Call of Duty: Finest Hour,7.7,0.4
No More Heroes 2: Desperate Struggle,8.5,0.4
Tomb Raider: Anniversary,7.9,0.39
Etrian Odyssey IV: Legends of the Titan,8.2,0.39
Combat of Giants: Dinosaurs 3D,4.3,0.39
Bloody Roar,8.6,0.39
FIFA Soccer 12,7.0,0.39
Super Monkey Ball: Step & Roll,6.0,0.39
The House of The Dead III,6.8,0.39
Final Fantasy Crystal Chronicles: The Crystal Bearers,6.7,0.39
NBA Live 09,6.1,0.39
Alpha Protocol,6.8,0.39
Dungeon Siege III,7.3,0.39
Donkey Konga 2,6.5,0.39
Just Dance 2014,7.8,0.39
Condemned 2: Bloodshot,8.4,0.39
Chibi-Robo! Plug into Adventure!,7.4,0.39
Advance Wars: Dual Strike,9.0,0.39
LocoRoco,8.1,0.39
Red Faction: Armageddon,7.1,0.39
Ice Age 2: The Meltdown,7.4,0.39
Robert Ludlum's The Bourne Conspiracy,7.6,0.39
Samurai Warriors Chronicles,5.4,0.39
Mass Effect 2,9.6,0.39
Hitman: Blood Money,8.1,0.39
Silent Hill: Homecoming,7.4,0.39
Metal Gear Solid: Snake Eater 3D,7.9,0.39
EA Sports Active 2,6.3,0.39
LEGO Star Wars III: The Clone Wars,6.3,0.39
Harry Potter: Quidditch World Cup,4.9,0.39
Metal Gear Solid HD Collection,9.2,0.38
Marvel: Ultimate Alliance,7.7,0.38
Shin Megami Tensei: Nocturne,8.0,0.38
Viking: Battle for Asgard,6.6,0.38
Wii Sports Club,6.7,0.38
Raving Rabbids: Travel in Time 3D,5.8,0.38
Turok: Evolution,7.4,0.38
Ice Age,4.2,0.38
Sega Superstars Tennis,6.9,0.38
Marvel Nemesis: Rise of the Imperfects,6.0,0.38
Saints Row: The Third,8.3,0.38
Ghost Trick: Phantom Detective,8.2,0.38
Ice Age: Dawn of the Dinosaurs,5.0,0.38
Phoenix Wright: Ace Attorney - Dual Destinies,8.1,0.38
SSX 3,9.5,0.38
NCAA Football 11,6.4,0.38
Grandia Xtreme,6.7,0.38
Virtua Tennis 2009,6.6,0.38
Final Fantasy Adventure,9.0,0.38
Hunter: The Reckoning,7.8,0.38
Scribblenauts: Unlimited,7.0,0.38
Pro Evolution Soccer 2011 3D,7.5,0.38
Pokemon Channel,5.2,0.38
NBA 2K7,8.1,0.38
Need for Speed: Nitro,7.2,0.38
Tiger Woods PGA Tour 08,7.5,0.38
Hatsune Miku: Project Mirai DX,7.5,0.38
The Golden Compass,2.8,0.37
NBA 2K10,5.1,0.37
Batman: Arkham City Armored Edition,8.6,0.37
EA Sports MMA,7.6,0.37
Major League Baseball 2K6,6.3,0.37
Minecraft,6.7,0.37
"Monsters, Inc. Scream Arena",3.8,0.37
Quake 4,7.3,0.37
Guitar Hero On Tour: Modern Hits,7.3,0.37
Burnout Paradise Remastered,8.0,0.37
Spider-Man: Friend or Foe,5.4,0.37
DiRT 2,4.6,0.37
Age of Empires III,8.3,0.37
Shin Megami Tensei IV: Apocalypse,8.1,0.37
Dungeon Siege III,7.2,0.37
Need for Speed: Hot Pursuit,8.9,0.37
Virtua Tennis 2009,7.3,0.37
Pac-Man World 2,7.5,0.37
Tomb Raider: Legend,8.1,0.37
Overlord: Dark Legend,7.0,0.37
The Legend of Spyro: A New Beginning,7.1,0.37
Rune Factory: Frontier,7.9,0.37
Dawn of Discovery,8.4,0.37
Rage,7.8,0.37
Harry Potter and the Order of the Phoenix,4.8,0.37
NFL Street 2 Unleashed,7.4,0.37
Sonic Lost World,6.0,0.37
Mini Ninjas,7.6,0.37
Fragile Dreams: Farewell Ruins of the Moon,6.7,0.37
The House of the Dead: Overkill - Extended Cut,7.2,0.37
Elite Beat Agents,8.4,0.37
Wanted: Weapons of Fate,6.2,0.37
Xenosaga Episode III: Also sprach Zarathustra,7.9,0.37
Virtua Fighter 3tb,8.1,0.37
Marvel: Ultimate Alliance,8.5,0.37
Castlevania: Order of Ecclesia,8.2,0.37
"999: Nine Hours, Nine Persons, Nine Doors",7.9,0.37
NCAA Football 07,7.6,0.37
SAW,6.0,0.36
GoldenEye: Rogue Agent,5.9,0.36
ESPN: Sports Connection,3.0,0.36
Dragon Ball Z: Attack of the Saiyans,7.2,0.36
Tekken Hybrid,4.0,0.36
NARC,5.5,0.36
The Incredibles: Rise of the Underminer,6.1,0.36
Taiko no Tatsujin: Drum 'n' Fun!,7.5,0.36
Hamtaro: Ham-Ham Heartbreak,8.0,0.36
Left 4 Dead 2,9.0,0.36
LocoRoco 2,8.5,0.36
Valkyrie Profile: Lenneth,8.1,0.36
BlazBlue: Calamity Trigger,8.5,0.36
The Wonderful 101,8.0,0.36
Assassin's Creed III,7.7,0.36
Tiger Woods PGA Tour 09,5.2,0.36
Nintendo Labo: Toy-Con 02 Robot Kit,7.0,0.36
Breath of Fire II,8.3,0.36
Spider-Man: Shattered Dimensions,8.2,0.36
Arc the Lad: Twilight of the Spirits,7.3,0.36
Mega Man 11,8.0,0.36
LEGO Pirates of the Caribbean: The Video Game,6.8,0.36
G-Force,7.0,0.36
South Park Rally,3.9,0.36
SOCOM: Tactical Strike,7.1,0.36
Harvest Moon: The Tale of Two Towns,6.3,0.36
Formula 1 Championship Edition,8.5,0.36
Trauma Center: Under the Knife,8.0,0.36
Football Manager Handheld 2010,6.0,0.35
Dark Void,6.1,0.35
Blasto,4.6,0.35
Guitar Hero: Smash Hits,7.4,0.35
Suikoden V,7.9,0.35
Call of Duty: Ghosts,8.8,0.35
Dragon Ball Z: Extreme Butoden,5.0,0.35
Disney's Tarzan: Return to the Jungle,6.9,0.35
NHL 2K10,8.2,0.35
Command & Conquer: Red Alert 3 Ultimate Edition,7.4,0.35
EA Sports MMA,7.7,0.35
Persona 2: Eternal Punishment,8.7,0.35
Teenage Mutant Ninja Turtles: Smash-Up,7.2,0.35
Transformers: Dark of the Moon,5.5,0.35
Dead or Alive 5 Last Round,7.1,0.35
Def Jam Rapstar,7.4,0.35
Resident Evil: Dead Aim,6.7,0.35
Need for Speed Carbon,7.7,0.35
The Adventures of Jimmy Neutron Boy Genius: Jet Fusion,5.5,0.35
The Fairly Odd Parents: Shadow Showdown,5.0,0.35
Terminator Salvation,5.2,0.35
Chicken Shoot,3.0,0.35
Might & Magic Heroes VI,7.4,0.35
MotoGP 08,6.8,0.35
Aggressive Inline,8.7,0.35
NFL Street,8.3,0.35
EverGrace,6.2,0.35
Lunar 2: Eternal Blue Complete,8.1,0.35
MLB 06: The Show,8.3,0.35
Over the Hedge,6.7,0.35
Madden NFL 13,6.2,0.35
Def Jam Icon,6.3,0.35
Mini Ninjas,7.4,0.34
Racquet Sports,4.2,0.34
Dynasty Warriors 5 Empires,6.3,0.34
SoulCalibur,9.6,0.34
Battalion Wars 2,7.7,0.34
WWE All Stars,7.7,0.34
Driver 2 Advance,6.8,0.34
Supreme Commander 2,8.2,0.34
MotorStorm: Arctic Edge,7.4,0.34
Trauma Center: Second Opinion,8.2,0.34
Tom Clancy's Ghost Recon: Shadow Wars,7.9,0.34
WWE Day of Reckoning 2,8.3,0.34
Star Ocean: Second Evolution,8.0,0.34
Tenchu Z,5.7,0.34
Backstreet Billiards,7.2,0.34
F.E.A.R.,8.6,0.34
Disgaea 5 Complete,9.0,0.34
Lord of Arcana,4.7,0.34
Dynasty Warriors 6 Empires,6.4,0.34
Herbie: Fully Loaded,5.0,0.34
Kameo: Elements of Power,7.7,0.34
The Eye of Judgment,7.5,0.34
Dynasty Warriors: Gundam 2,4.9,0.34
Shaun White Snowboarding,6.3,0.34
Harry Potter and the Deathly Hallows - Part 2,4.8,0.33
Dead or Alive 5,7.6,0.33
Untold Legends: The Warriors Code,6.8,0.33
Beyond Good & Evil,8.3,0.33
Banjo-Kazooie: Grunty's Revenge,6.6,0.33
Bomberman World,6.5,0.33
Mega Man ZX Advent,7.6,0.33
Jeanne d'Arc,8.4,0.33
Street Fighter Alpha 3 MAX,7.8,0.33
Ape Escape Academy,5.3,0.33
Mystery Case Files: The Malgrave Incident,6.3,0.33
Ninja Blade,6.7,0.33
WWE Wrestlemania XIX,7.8,0.33
The Sims 2,7.6,0.33
Klonoa 2: Lunatea's Veil,9.4,0.33
Deus Ex: Invisible War,8.5,0.33
Etrian Odyssey,7.4,0.33
Fracture,4.0,0.33
NBA 2K10,5.5,0.33
Planet Puzzle League,8.6,0.33
Classic NES Series: Castlevania,7.4,0.33
GT Advance Championship Racing,7.5,0.33
Naruto: Rise of a Ninja,7.8,0.33
Ultimate NES Remix,7.0,0.33
Disgaea 2: Cursed Memories,7.9,0.33
Clock Tower 3,7.0,0.33
Call of Duty 2: Big Red One,7.5,0.33
Resonance of Fate,7.4,0.33
Disgaea: Hour of Darkness,8.8,0.33
Kirby: Battle Royale,6.0,0.33
Capcom Classics Collection Reloaded,7.1,0.33
MLB 08: The Show,8.3,0.33
Tokyo Mirage Sessions #FE,8.0,0.33
MVP Baseball 2005,8.7,0.33
Dark Souls: Remastered,8.8,0.33
Fable III,7.0,0.33
DECA Sports Freedom,3.0,0.33
Teen Titans,6.3,0.33
"Warhammer 40,000: Squad Command",6.6,0.33
Golden Axe: Beast Rider,4.0,0.33
Dr. Mario / Puzzle League,7.5,0.33
Major League Baseball 2K6,7.3,0.33
The Witcher: Enhanced Edition,8.3,0.33
Final Fantasy XI: Wings of the Goddess,6.5,0.32
Elebits,7.3,0.32
Championship Bass,7.1,0.32
Golden Axe: Beast Rider,4.5,0.32
Dead Rising 2: Off the Record,7.1,0.32
Marvel: Ultimate Alliance 2,5.6,0.32
Eternal Sonata,7.9,0.32
Shin Megami Tensei: Persona 2: Innocent Sin,7.0,0.32
Bust-A-Move '99,7.7,0.32
Operation Flashpoint: Red River,6.8,0.32
Dead Space 2,8.9,0.32
Army of Two: The 40th Day,4.8,0.32
Final Fantasy XI: Online,8.4,0.32
Bleach: Shattered Blade,5.3,0.32
Beautiful Katamari,7.3,0.32
Vin Diesel: Wheelman,6.9,0.32
Chibi-Robo! Zip Lash,5.5,0.32
Tony Hawk's American Wasteland,8.2,0.32
Prince of Persia: The Sands of Time,9.0,0.32
Folklore,7.5,0.32
Rayman 2: The Great Escape,8.7,0.32
Fortress,6.6,0.32
Phineas and Ferb: Across the 2nd Dimension,6.8,0.32
Street Fighter Alpha 2,8.1,0.32
WipEout Pulse,8.2,0.32
Prey,8.2,0.32
"Ed, Edd n Eddy: Jawbreakers!",5.0,0.32
Marvel Nemesis: Rise of the Imperfects,6.8,0.32
Test Drive Unlimited,8.0,0.32
Singularity,7.7,0.32
Clive Barker's Jericho,5.8,0.32
Payday 2,6.5,0.32
BlazBlue: Continuum Shift,8.6,0.32
DJ Hero,8.3,0.32
Rugby World Cup 2011,4.5,0.32
Crash of the Titans,6.6,0.32
Shenmue II,7.9,0.32
Etrian Odyssey III: The Drowned City,7.3,0.31
WarCraft II: The Dark Saga,7.3,0.31
Bust-A-Move Universe,5.6,0.31
Sonic Boom: Rise of Lyric,3.7,0.31
Catherine,7.9,0.31
Namco Museum: Virtual Arcade,7.0,0.31
The Matrix: Path of Neo,6.7,0.31
Mega Man Maverick Hunter X,7.9,0.31
Fuel,6.6,0.31
Dark Void,6.1,0.31
Bass Hunter 64,6.0,0.31
Mega Man Zero Collection,7.5,0.31
Tiger Woods PGA Tour 06,6.9,0.31
Shaun White Snowboarding,6.2,0.31
Yu-Gi-Oh! 5D's World Championship 2010 Reverse of Arcadia,7.6,0.31
NASCAR Thunder 2003,8.8,0.31
Star Wars Racer Revenge,7.8,0.31
Spider-Man 3,5.3,0.31
South Park: Chef's Luv Shack,3.1,0.31
40 Winks,5.5,0.31
The Settlers 7: Paths to a Kingdom,7.8,0.31
A Collection of Intellivision Classic Games,4.3,0.31
Star Wars Episode III: Revenge of the Sith,7.3,0.31
Silent Hill: Shattered Memories,7.8,0.31
KuruKuru Kururin,7.2,0.31
NBA Live 08,6.8,0.31
NASCAR 2011: The Game,6.0,0.31
Contra 4,8.1,0.3
The King of Fighters XIII,7.8,0.3
Def Jam Rapstar,7.4,0.3
Ehrgeiz,6.7,0.3
Madagascar,6.3,0.3
Tom Clancy's Splinter Cell 3D,8.0,0.3
Burnout,7.7,0.3
Lumines ll,8.0,0.3
Chaos Legion,6.2,0.3
Monopoly for Nintendo Switch,5.3,0.3
Cart World Series,7.0,0.3
Sing Party,6.8,0.3
PowerUp Heroes,4.0,0.3
Looney Tunes: Duck Amuck,6.4,0.3
Resident Evil Archives: Resident Evil,7.6,0.3
Magna Carta 2,6.6,0.3
Monster Truck Madness 64,5.5,0.3
Crazy Taxi: Catch a Ride,4.8,0.3
Rayman 2: Revolution,8.7,0.3
NBA Live 2003,8.4,0.3
Dragon Force,9.0,0.3
Dynasty Warriors 6,6.2,0.3
Full Spectrum Warrior,8.5,0.3
Fist of the North Star: Ken's Rage 2,5.0,0.3
FIFA 15,7.0,0.3
Shaun White Snowboarding: World Stage,7.2,0.3
Finding Nemo: The Continuing Adventures,8.0,0.3
Capcom Classics Collection Remixed,7.7,0.3
Radiant Historia,8.5,0.3
Guitar Hero: Van Halen,6.2,0.3
Batman: The Brave and the Bold the Videogame,7.5,0.3
N3: Ninety-Nine Nights,6.3,0.3
Syphon Filter: Dark Mirror,8.5,0.3
MySims SkyHeroes,6.4,0.3
Spider-Man: Friend or Foe,5.9,0.29
Grandia II,7.4,0.29
Naruto to Boruto: Shinobi Striker,8.5,0.29
Glory of Heracles,6.8,0.29
Little King's Story,8.5,0.29
Call of Juarez: The Cartel,5.4,0.29
Assassin's Creed IV: Black Flag,8.5,0.29
X-Men Legends II: Rise of Apocalypse,8.5,0.29
Dynasty Warriors: Strikeforce,6.8,0.29
Up,6.5,0.29
Harvest Moon: Magical Melody,6.3,0.29
NBA Live 06,6.5,0.29
Kenka Bancho: Badass Rumble,7.0,0.29
FlatOut: Head On,7.3,0.29
Zoo Tycoon 2 DS,6.9,0.29
Wanted: Weapons of Fate,6.2,0.29
Just Dance 2017,6.5,0.29
NieR,6.4,0.29
Ace Combat: Joint Assault,7.0,0.29
Atelier Iris 3: Grand Phantasm (US Sales),6.1,0.29
Prince of Persia: Rival Swords,7.0,0.29
The Chronicles of Riddick: Assault on Dark Athena,8.2,0.29
Phoenix Wright: Ace Attorney: Spirit of Justice,8.1,0.29
Trace Memory,6.5,0.29
Forsaken 64,8.3,0.29
Duel Masters: Sempai Legends,7.1,0.29
Trauma Center: New Blood,7.5,0.29
The BIGS 2,6.3,0.29
The Lord of the Rings: The Third Age,7.9,0.29
Sonic Boom: Shattered Crystal,3.8,0.29
Overcooked! 2,8.4,0.29
The Legend of Legacy,6.0,0.29
Majin and the Forsaken Kingdom,7.0,0.29
The Sims 2,8.9,0.29
MLB Power Pros,8.5,0.29
"Sakura Wars: So Long, My Love",8.8,0.29
Sengoku Basara: Samurai Heroes,6.0,0.29
Warriors Orochi 2,5.3,0.29
Dead Rising: Chop Till You Drop,6.7,0.29
Feel the Magic XY/XX,7.7,0.29
Ever Oasis,8.1,0.29
Rayman 3: Hoodlum Havoc,7.4,0.29
Rock Revolution,3.6,0.29
Spyro: A Hero's Tail,6.4,0.29
Earthworm Jim,7.2,0.29
Tales of Phantasia,7.0,0.29
The Golden Compass,4.3,0.29
Disney's Extreme Skate Adventure,6.6,0.28
Dragon Ball GT: Transformation,7.7,0.28
Shadow Hearts,7.0,0.28
Assassin's Creed II: Discovery,7.3,0.28
DeathSmiles,8.0,0.28
World of Tanks,7.8,0.28
Pirates of the Caribbean: Dead Man's Chest,4.3,0.28
Final Fantasy VI Advance,9.1,0.28
WarioWare Gold,8.1,0.28
Guitar Hero: Van Halen,5.0,0.28
Medieval Moves: Deadmund's Quest,7.0,0.28
SAW,6.2,0.28
Kung Fu Chaos,7.0,0.28
Transformers: Dark of the Moon,6.5,0.28
Godzilla: Domination!,4.7,0.28
El Shaddai: Ascension of the Metatron,8.0,0.28
Operation Flashpoint: Red River,7.0,0.28
Carol Vorderman's Sudoku,7.4,0.28
Batman: The Brave and the Bold the Videogame,7.5,0.28
Dead to Rights: Retribution,6.0,0.28
MLB 07: The Show,8.1,0.28
Mega Man ZX,8.1,0.28
Disney's Treasure Planet,6.3,0.28
Dead or Alive,8.3,0.28
Need for Speed: Most Wanted (2012),8.4,0.28
Wild ARMs 5,7.5,0.28
Guitar Hero: Van Halen,6.2,0.28
Patapon 3,7.4,0.28
Corvette,4.9,0.28
Darksiders,7.8,0.28
Pac-Man Fever,5.1,0.28
SimCity 4,8.7,0.28
EyePet,4.9,0.28
Mister Mosquito,6.6,0.28
Rugby World Cup 2011,4.8,0.28
Virtua Fighter 5 Online,9.2,0.28
Civilization II,8.2,0.28
The Warriors,8.1,0.28
Madagascar,6.8,0.28
ExciteBots: Trick Racing,7.7,0.28
The Binding of Isaac: Afterbirth+,9.0,0.28
Gundam Versus,7.3,0.28
Shin Megami Tensei: Strange Journey,8.0,0.28
Ice Age: Dawn of the Dinosaurs,7.2,0.28
Etrian Mystery Dungeon,7.6,0.28
Castlevania: Aria of Sorrow,8.8,0.28
Mass Effect 3,9.2,0.28
Armored Core: Project Phantasma,7.2,0.28
FIFA 07 Soccer,7.1,0.28
Over the Hedge,7.1,0.28
Rhythm Thief & the Emperor's Treasure,7.5,0.28
Siren: Blood Curse,8.3,0.28
Metal Gear Solid V: Ground Zeroes,7.7,0.27
Resident Evil 2: Dual Shock Edition,9.0,0.27
Dead Rising 2: Off the Record,7.6,0.27
Batman: Arkham Origins Blackgate,7.0,0.27
Iron Man 2,5.1,0.27
Etrian Odyssey V: Beyond the Myth,7.9,0.27
Transformers: Cybertron Adventures,3.7,0.27
Baten Kaitos: Eternal Wings and the Lost Ocean,8.2,0.27
Shadows of the Damned,7.9,0.27
Pac-Pix,6.8,0.27
NASCAR 2011: The Game,6.0,0.27
The Club,7.5,0.27
NHL 07,8.0,0.27
NHL 2K11,6.3,0.27
Disney's Chicken Little,7.0,0.27
Brain Age: Concentration Training,7.5,0.27
Ty the Tasmanian Tiger,7.1,0.27
Tiger Woods PGA Tour 07,7.6,0.27
Skylanders SWAP Force,7.7,0.27
Gun,7.5,0.27
Dragon Ball Z: Tenkaichi Tag Team,6.0,0.27
Dragon Age Origins: Awakening,8.3,0.27
NFL Street 3,6.7,0.27
NBA Live 2004,8.4,0.27
Alundra 2: A New Legend Begins,7.1,0.27
Call of Juarez: The Cartel,5.2,0.27
The Sims 2: Pets,6.9,0.27
MLB 09: The Show,8.8,0.27
Plants vs. Zombies,8.9,0.27
Suikoden Tierkreis,7.7,0.27
R.U.S.E.,8.0,0.27
Ratatouille,5.3,0.27
The World Ends with You: Final Remix,7.4,0.27
Section 8,7.1,0.27
America's Test Kitchen: Let's Get Cooking,8.5,0.27
Tales of Eternia,8.0,0.26
All-Pro Football 2K8,7.5,0.26
Tropico 4,7.9,0.26
Dungeons & Dragons: Eye of the Beholder,4.8,0.26
Etrian Odyssey: Millennium Girl,8.1,0.26
R.U.S.E.,8.0,0.26
The House of the Dead 2,7.5,0.26
The Incredible Hulk,5.6,0.26
Panzer Dragoon Orta,8.8,0.26
Etrian Odyssey II: Heroes of Lagaard,8.4,0.26
Superman Returns,5.0,0.26
King's Field II,7.3,0.26
NCAA Gamebreaker,6.3,0.26
Shin Megami Tensei: Devil Survivor,8.4,0.26
Tomba!,8.6,0.26
Deadly Premonition,6.0,0.26
TV Superstars,6.2,0.26
Major League Baseball 2K10,5.0,0.26
The Adventures of Jimmy Neutron Boy Genius vs. Jimmy Negatron,6.0,0.26
Stella Glow,7.5,0.26
Hey Arnold! The Movie,5.5,0.26
Final Fantasy V Advance,8.2,0.26
Naruto: Ultimate Ninja Heroes (US sales),7.0,0.26
Spider-Man: Web of Shadows,6.9,0.26
Bust A Groove 2,7.0,0.26
Petz: Crazy Monkeyz,3.5,0.26
Armorines: Project S.W.A.R.M.,6.2,0.26
Nightmare Creatures,7.1,0.26
Star Wars Episode I: Battle for Naboo,8.5,0.26
Batman: Vengeance,7.0,0.26
Resident Evil: Revelations,7.4,0.26
Metroid Prime Pinball,7.6,0.26
Resident Evil: Deadly Silence,6.7,0.26
Frogger's Journey: The Forgotten Relic,5.0,0.26
Rayman DS,5.4,0.26
Tom Clancy's Splinter Cell: Double Agent,8.3,0.26
Legendary,4.0,0.26
Armored Core: Master of Arena,7.2,0.26
ATV: Quad Power Racing,5.5,0.26
Peter Jackson's King Kong: The Official Game of the Movie,7.9,0.26
Indiana Jones and the Staff of Kings,7.4,0.26
Polarium,7.6,0.26
Castlevania: Harmony of Dissonance,8.6,0.26
Formula One 2001,7.0,0.26
MVP Baseball 2004,8.9,0.26
Teen Titans,6.6,0.25
Spelling Challenges and more!,4.5,0.25
Crusaders of Might and Magic,6.0,0.25
Bomberman Generation,8.4,0.25
Game & Wario,6.2,0.25
Final Fantasy Crystal Chronicles: Echoes of Time,6.9,0.25
Hunted: The Demon's Forge,6.1,0.25
NASCAR 09,7.1,0.25
Ice Age 2: The Meltdown,5.0,0.25
Sonic Boom: Fire & Ice,6.9,0.25
LEGO The Hobbit,7.0,0.25
Mega Man Legacy Collection 1+2,8.5,0.25
Ace Combat: Assault Horizon Legacy,7.0,0.25
Blaster Master: Blasting Again,7.7,0.25
College Hoops 2K6,8.3,0.25
Pro Evolution Soccer 2014,7.9,0.25
Prison Break: The Conspiracy,3.3,0.25
Sid Meier's Civilization VI,9.4,0.25
WipEout XL,8.8,0.25
Dead or Alive Xtreme 2,5.3,0.25
Spirit Camera: The Cursed Memoir,5.7,0.25
Bomberman Tournament,8.8,0.25
Medal of Honor European Assault,7.9,0.25
Billy Hatcher and the Giant Egg,7.3,0.25
Crash Tag Team Racing,6.3,0.25
MotoGP '07,7.7,0.25
Spider-Man: Web of Shadows,6.0,0.25
UEFA Euro 2008 Austria-Switzerland,6.9,0.25
Disgaea 2: Dark Hero Days,8.1,0.25
Hybrid Heaven,7.0,0.25
Cars,7.0,0.25
The Elder Scrolls IV: Oblivion,9.2,0.25
Def Jam Vendetta,8.8,0.25
Spider-Man: Edge of Time,5.8,0.25
The Outfit,7.0,0.25
Don King Presents: Prizefighter,4.0,0.25
LEGO Star Wars III: The Clone Wars,7.6,0.25
Grandia,8.4,0.25
Armored Core 4,6.5,0.25
"Ed, Edd n Eddy: The Mis-Edventures",4.6,0.25
The Chronicles of Riddick: Assault on Dark Athena,8.0,0.25
Final Fantasy XI: Chains of Promathia,7.3,0.25
Butt Ugly Martians: B.K.M. Battles,6.0,0.25
X-Men Legends II: Rise of Apocalypse,8.2,0.25
Far Cry: Primal,8.0,0.25
NBA Courtside 2002,7.6,0.25
7th Dragon III Code: VFD,7.5,0.24
Mega Man X Collection,7.5,0.24
Far Cry Instincts Predator,8.0,0.24
X-Men: Destiny,5.1,0.24
Lunar: Silver Star Harmony,7.9,0.24
Spawn the Eternal,1.9,0.24
MLB,8.0,0.24
Virtua Tennis 4,6.5,0.24
Fuel,6.6,0.24
Vexx,5.9,0.24
NBA Live 10,5.9,0.24
Harvest Moon: Magical Melody,8.0,0.24
DK: King of Swing,7.1,0.24
Command & Conquer 3: Kane's Wrath,7.0,0.24
Dreamcast Collection,5.3,0.24
Dynasty Warriors 7,5.9,0.24
Homefront,6.6,0.24
Peter Jackson's King Kong: The Official Game of the Movie,8.1,0.24
The Simpsons: Road Rage,6.0,0.24
Final Fantasy Fables: Chocobo Tales,7.4,0.24
Resident Evil Archives: Resident Evil Zero,5.8,0.24
Driver '76,5.5,0.24
Harvest Moon: Another Wonderful Life,7.7,0.24
Army Men: Air Combat,7.6,0.24
Paperboy,8.0,0.24
Ready 2 Rumble Boxing: Round 2,6.9,0.24
South Park: Chef's Luv Shack,5.4,0.24
Spider-Man: Shattered Dimensions,7.5,0.24
The Adventures of Tintin: The Game,5.0,0.24
Tony Hawk's American Sk8land,6.0,0.24
Valhalla Knights,5.2,0.24
Darksiders II: Deathinitive Edition,7.5,0.24
Luminous Arc,6.8,0.24
Avalon Code,7.1,0.24
MX vs. ATV Reflex,5.3,0.24
Pure Futbol,4.0,0.24
Grand Theft Auto,7.1,0.24
A Way Out,8.1,0.24
Ghost Rider,5.0,0.24
X-Men: Destiny,4.9,0.24
Midway Arcade Treasures: Extended Play,5.6,0.24
Disney Epic Mickey 2: The Power of Two,5.9,0.24
Shadow Hearts: Covenant,8.1,0.24
Classic NES Series: The Legend of Zelda,8.4,0.24
G.I. Joe: The Rise of Cobra,3.8,0.24
Ar tonelico Qoga: Knell of Ar Ciel,7.0,0.24
Dynasty Warriors 6 Empires,6.3,0.24
Tiger Woods PGA Tour 10,8.1,0.24
Singularity,7.8,0.24
FIFA World Cup Germany 2006,7.8,0.24
Disgaea: Afternoon of Darkness,8.7,0.24
Broken Sword: Shadow of the Templars - The Director's Cut,7.5,0.24
Divinity II: Ego Draconis,6.0,0.24
Prince of Persia: The Forgotten Sands,7.5,0.24
Afro Samurai,6.4,0.24
METRO 2033,7.5,0.24
DC Universe Online,7.0,0.23
Hot Shots Tennis: Get a Grip,8.0,0.23
Viva Pinata: Party Animals,5.5,0.23
The Lord of the Rings: Aragorn's Quest,6.4,0.23
Sands of Destruction,6.5,0.23
Harry Potter and the Goblet of Fire,6.7,0.23
Cross Edge,5.4,0.23
Attack on Titan 2,7.0,0.23
Starsky & Hutch,6.0,0.23
Meteos,8.8,0.23
WWE All Stars,7.0,0.23
All-Star Baseball 2001,9.2,0.23
Star Wars Jedi Knight II: Jedi Outcast,7.1,0.23
Virtua Fighter Kids,6.6,0.23
Shaun White Snowboarding,6.2,0.23
NHL FaceOff 2001,7.2,0.23
Me & My Katamari,7.2,0.23
Colony Wars: Vengeance,8.6,0.23
NBA 2K6,8.0,0.23
TrackMania: Build to Race,7.0,0.23
SSX on Tour,8.2,0.23
Madden NFL 13,7.2,0.23
Dynasty Warriors: Strikeforce,7.3,0.23
Mortal Kombat: Armageddon,6.8,0.23
Pinball Hall of Fame: The Gottlieb Collection,7.2,0.23
Barbie as The Island Princess,5.5,0.23
Rune Factory: Tides of Destiny,6.5,0.23
Lunar Knights,8.2,0.23
Ys Seven,7.6,0.23
Alundra,8.8,0.23
NCAA Football 09,6.5,0.23
.hack//G.U. Vol.2//Reminisce,6.2,0.23
AC/DC LIVE: Rock Band Track Pack,6.7,0.23
Valhalla Knights 2,5.0,0.23
Shinobi,7.0,0.23
Risen 2: Dark Waters,5.5,0.23
Vancouver 2010 - The Official Video Game of the Olympic Winter Games,5.0,0.23
Skylanders Imaginators,6.9,0.23
Hitman: Absolution,9.0,0.22
TNA iMPACT!,6.1,0.22
Last Window: The Secret of Cape West,7.3,0.22
NBA Street: Showdown,7.5,0.22
Spartan: Total Warrior,7.2,0.22
G-Force,7.4,0.22
Skies of Arcadia Legends,8.6,0.22
Petz Monkeyz House,5.5,0.22
Code Name: S.T.E.A.M.,8.0,0.22
FaceBreaker K.O. Party,6.7,0.22
Breath of Fire,7.8,0.22
NASCAR 2011: The Game,4.3,0.22
Attack on Titan 2,7.8,0.22
Child of Eden,7.7,0.22
Hamtaro: Ham-Ham Games,7.5,0.22
Danny Phantom: The Ultimate Enemy,7.5,0.22
Star Wars: The Force Unleashed II,4.0,0.22
Bust-A-Move 4,7.8,0.22
Galactic Wrestling: Featuring Ultimate Muscle,7.3,0.22
Life Is Strange: Before the Storm,7.5,0.22
MotoGP 09/10,7.0,0.22
Luminous Arc 2,7.5,0.22
Resident Evil: Revelations,7.5,0.22
Duel Masters: Kaijudo Showdown,5.8,0.22
Dragon Quest Builders: Revive Alefgard,8.0,0.22
Tetris Worlds,4.6,0.22
Jackass the Game,5.6,0.22
Ragnarok DS,7.0,0.22
Transformers: Dark of the Moon,3.0,0.22
Kartia: The Word of Fate,7.9,0.22
All-Star Baseball 2002,6.5,0.22
Deadly Creatures,6.9,0.22
Magna Carta: Tears of Blood,6.1,0.22
Shin Megami Tensei: Persona,7.6,0.22
Capcom vs. SNK,8.8,0.22
Return to PopoloCrois: A Story of Seasons Fairytale,7.0,0.22
From Russia With Love,7.3,0.22
Guitar Hero: Smash Hits,6.9,0.22
Tropico 3,7.7,0.22
Rugby 2004,5.0,0.22
Disney's Magical Quest Starring Mickey and Minnie,6.1,0.22
NBA 06,7.2,0.22
NFL 2K3,9.0,0.22
Hunted: The Demon's Forge,6.0,0.22
Afrika,6.0,0.22
Britney's Dance Beat,6.3,0.22
G.I. Joe: The Rise of Cobra,4.8,0.22
Super Lucky's Tale,6.5,0.22
UFC Personal Trainer: The Ultimate Fitness System,4.5,0.22
Over G Fighters,5.1,0.22
UFC Undisputed 2010,7.7,0.21
MLB 10: The Show,7.0,0.21
NBA,6.4,0.21
Teenage Mutant Ninja Turtles: Smash-Up,7.2,0.21
Heroes of Ruin,6.6,0.21
College Hoops 2K7,7.9,0.21
Madden NFL 07,6.9,0.21
Tom Clancy's Splinter Cell: Blacklist,8.9,0.21
BloodRayne,7.3,0.21
The Con,6.8,0.21
Neo Contra,6.9,0.21
Tony Hawk's American Sk8land,8.7,0.21
MVP Baseball,6.6,0.21
Fate/Extella: The Umbral Star,8.0,0.21
Prince of Persia: Revelations,6.3,0.21
Radiant Historia: Perfect Chronology,8.1,0.21
Frogger 3D,7.0,0.21
50 Cent: Blood on the Sand,7.3,0.21
FIFA 16,8.5,0.21
Cursed Mountain,6.3,0.21
Move Fitness,5.0,0.21
Ninja Gaiden: Dragon Sword,8.0,0.21
de Blob 2,7.5,0.21
A Boy and His Blob,7.9,0.21
Tekken 3D: Prime Edition,6.5,0.21
Age of Empires: Mythologies,8.2,0.21
You Don't Know Jack,8.0,0.21
Brunswick Pro Bowling,6.5,0.21
Baja: Edge of Control,5.0,0.21
Fallout 76,3.7,0.21
ClayFighter 63 1/3,3.1,0.21
Cruis'n Exotica,5.8,0.21
G.I. Joe: The Rise of Cobra,4.3,0.21
Bionicle,4.8,0.21
Threads of Fate,7.8,0.21
World Series of Poker,3.3,0.21
Vampire Rain,3.9,0.21
Rayman Raving Rabbids,6.4,0.21
The Amazing Spider-Man (2012),7.0,0.21
Deus Ex: The Conspiracy,8.0,0.21
Spider-Man: Web of Shadows,6.9,0.21
NCAA Football 2003,9.2,0.21
Prison Break: The Conspiracy,3.3,0.21
Final Fantasy Fables: Chocobo's Dungeon,7.4,0.21
Blue Dragon Plus,6.5,0.21
You Don't Know Jack,7.7,0.21
The Lord of the Rings: War in the North,6.5,0.21
NCAA Football 10,7.0,0.21
Dead to Rights: Retribution,5.7,0.21
Tenchu: Shadow Assassins,7.0,0.21
Tiger Woods PGA Tour,8.0,0.21
Final Fight One,8.2,0.21
BeyBlade VForce: Super Tournament Battle,2.5,0.21
LBX: Little Battlers eXperience,7.0,0.21
Bugs Bunny & Taz: Time Busters,8.0,0.21
Dragon Ball Z: Sagas,5.7,0.21
X2: Wolverine's Revenge,5.8,0.21
Beyblade G-Revolution,2.4,0.2
World Championship Cards,3.9,0.2
Code of Princess,7.2,0.2
Thrillville,7.4,0.2
Phantasy Star Online,8.9,0.2
Kung Fu Rider,4.3,0.2
Enchanted Arms,5.9,0.2
Dark Messiah of Might and Magic Elements,5.0,0.2
Shaun White Skateboarding,6.6,0.2
Harvest Moon: More Friends of Mineral Town,8.0,0.2
Infinite Space,7.2,0.2
DanceMasters,6.2,0.2
DarkStar One: Broken Alliance,6.4,0.2
X2: Wolverine's Revenge,7.7,0.2
Dragon Ball: Revenge of King Piccolo,6.1,0.2
Spy Hunter,7.9,0.2
Ogre Battle Saga Episode Five: The March of the Black Queen,7.6,0.2
Body and Brain Connection,6.0,0.2
Ty the Tasmanian Tiger 2: Bush Rescue,7.4,0.2
Clive Barker's Jericho,5.8,0.2
Warriors Orochi,6.4,0.2
Earth Defense Force: Insect Armageddon,6.6,0.2
NBA 07,6.9,0.2
Roadsters 99,6.4,0.2
Snowboard Kids,8.0,0.2
South Park Rally,4.2,0.2
Tigger's Honey Hunt,7.3,0.2
Sid Meier's Pirates!,8.5,0.2
Sleeping Dogs: Definitive Edition,7.5,0.2
Record of Agarest War,7.0,0.2
Ridge Racer 6,7.9,0.2
Grandia II,8.6,0.2
Classic NES Series: Ice Climber,6.1,0.2
NFL Street 2,8.2,0.2
Dante's Inferno,6.6,0.2
Arcana Heart 3,7.0,0.2
Afro Samurai,6.5,0.2
Taiko Drum Master,8.1,0.2
Bust-A-Move 2 Arcade Edition,6.9,0.2
Solatorobo: Red the Hunter,7.6,0.2
Puzzle Challenge: Crosswords and More!,6.4,0.2
Backyard Hockey,6.0,0.2
Tom Clancy's Splinter Cell: Essentials,5.6,0.2
Captain America: Super Soldier,6.2,0.2
Tiger Woods PGA Tour 06,8.0,0.2
Ratatouille,6.8,0.2
Armored Core 4,6.6,0.2
Baja: Edge of Control,5.0,0.2
MC Groovz Dance Craze,2.5,0.2
No More Heroes: Heroes' Paradise,7.4,0.2
Prince of Persia: Warrior Within,8.2,0.2
X-Men Origins: Wolverine,5.4,0.2
NHL FaceOff 2001,4.6,0.2
Mana Khemia 2: Fall of Alchemy,8.2,0.2
Dead or Alive Paradise,4.5,0.2
The Hobbit,6.5,0.19
Harry Potter and the Goblet of Fire,7.2,0.19
Family Guy,5.5,0.19
Pac-Man & Galaga Dimensions,5.7,0.19
Valkyria Chronicles 4,8.6,0.19
Spectrobes: Origins,7.4,0.19
Breath of Fire II,8.6,0.19
Conan,7.1,0.19
Ice Age 2: The Meltdown,7.4,0.19
Dinotopia: The Timestone Pirates,6.1,0.19
Rise of the Argonauts,5.3,0.19
Peter Jackson's King Kong: The Official Game of the Movie,6.0,0.19
Manhunt,7.7,0.19
Dynasty Warriors: Gundam 2,5.6,0.19
Shiren the Wanderer,7.4,0.19
Breath of Fire: Dragon Quarter,7.6,0.19
Spore Hero Arena,4.9,0.19
Space Invaders Extreme 2,8.1,0.19
Conflict: Denied Ops,5.3,0.19
Enchanted Arms,6.9,0.19
Test Drive Unlimited 2,6.7,0.19
SpongeBob SquigglePants 3D,6.1,0.19
Disney's Magical Mirror Starring Mickey Mouse,4.0,0.19
Dawn of Discovery,7.9,0.19
Final Fantasy XI: Online,6.7,0.19
Majin and the Forsaken Kingdom,7.0,0.19
Dave Mirra Freestyle BMX 2,8.0,0.19
Allied General,6.3,0.19
Fire ProWrestling G,8.0,0.19
Stronghold 3,4.1,0.19
Project X Zone 2,6.6,0.19
Arc Rise Fantasia,6.3,0.19
Captain Toad: Treasure Tracker,8.5,0.19
IL-2 Sturmovik: Birds of Prey,6.4,0.19
Frogger's Adventures 2: The Lost Wand,8.0,0.19
Ice Age: Dawn of the Dinosaurs,6.6,0.19
AeroFighters Assault,5.4,0.19
Hexen,4.4,0.19
Mace: The Dark Age,7.1,0.19
Teenage Mutant Ninja Turtles 2: Battle Nexus,5.0,0.19
50 Cent: Blood on the Sand,7.2,0.19
Lunar Legend,7.7,0.19
Death Jr.,5.9,0.19
Hulk,7.3,0.19
Street Fighter 30th Anniversary Collection,8.5,0.19
The Legend of Spyro: A New Beginning,6.5,0.19
Armored Core: For Answer,6.1,0.19
Conflict: Denied Ops,5.2,0.19
Shining Force II,9.0,0.19
Driver: San Francisco,8.3,0.19
Risen,5.9,0.19
Daigasso! Band Brothers,8.0,0.19
Nostalgia,7.2,0.19
Dynasty Warriors Gundam,6.0,0.19
Major League Baseball 2K10,7.2,0.19
Tekken Tag Tournament 2,8.1,0.19
Bubsy 3D,5.8,0.19
Earth Defense Force: Insect Armageddon,6.7,0.19
Half-Minute Hero,8.5,0.19
R-Type Final,8.1,0.19
Jackie Chan Adventures: Legend of the Dark Hand,7.8,0.19
Shadows of the Damned,7.6,0.19
Ty the Tasmanian Tiger 3: Night of the Quinkan,6.3,0.19
Saw II: Flesh & Blood,4.2,0.19
Need for Speed: Shift 2 Unleashed,8.6,0.19
Tiger Woods PGA Tour 07,7.9,0.19
Phantasy Star Online Ver. 2,8.3,0.19
Ninja Gaiden 3: Razor's Edge,6.5,0.19
Samurai Warriors: State of War,6.5,0.19
Arcania: Gothic 4,5.8,0.18
The Munchables,8.0,0.18
.hack//Quarantine Part 4: The Final Chapter,6.8,0.18
F1 2011,8.1,0.18
PlayStation Move Heroes,4.8,0.18
Ty the Tasmanian Tiger,7.0,0.18
Dead or Alive,7.9,0.18
Disgaea DS,8.0,0.18
NARC,5.5,0.18
Ar tonelico 2: Melody of Metafalica,7.2,0.18
Jurassic Park III: Island Attack,4.9,0.18
Star Trek: Legacy,6.4,0.18
Mushroom Men: The Spore Wars,7.3,0.18
Atari Anniversary Advance,7.7,0.18
Alone In The Dark,3.1,0.18
Bloody Roar: Primal Fury,7.9,0.18
You Don't Know Jack,8.2,0.18
Call of Juarez,6.9,0.18
Backbreaker,5.2,0.18
The Elder Scrolls IV: Shivering Isles,8.9,0.18
Resident Evil: Revelations,7.2,0.18
FIFA 07 Soccer,8.3,0.18
Call of Duty: World at War,8.6,0.18
Might & Magic: Clash of Heroes,8.6,0.18
de Blob 2,8.1,0.18
The Chronicles of Narnia: Prince Caspian,6.3,0.18
Metal Gear Ac!d 2,8.3,0.18
Pure Futbol,3.8,0.18
Shadow The Hedgehog,5.0,0.18
SoulCalibur Legends,4.8,0.18
Batman: Vengeance,6.2,0.18
Trinity Universe,6.2,0.18
Spider-Man: Friend or Foe,5.0,0.18
Gun,7.9,0.18
How to Train Your Dragon,4.6,0.18
Brink,7.0,0.18
Burnout Legends,3.8,0.18
Otomedius Excellent,7.0,0.18
Brunswick Circuit Pro Bowling,8.2,0.18
Naruto Shippuden: Dragon Blade Chronicles,4.3,0.18
MindJack,4.6,0.18
Charlie and the Chocolate Factory,3.9,0.18
College Hoops 2K7,8.2,0.18
Full Auto 2: Battlelines,6.7,0.18
All Grown Up! Express Yourself,3.7,0.18
FIFA Soccer 11,8.4,0.18
Dynasty Warriors: Gundam 3,6.5,0.18
ESPN X Games Skateboarding,5.7,0.18
Velvet Assassin,5.3,0.18
Backyard Basketball,6.0,0.18
Borderlands,8.3,0.17
Open Season,6.4,0.17
Major League Baseball 2K6,6.2,0.17
The Grim Adventures of Billy & Mandy,7.2,0.17
Trauma Team,8.1,0.17
The Hobbit,5.0,0.17
True Crime: New York City,6.4,0.17
X-Men: The Official Game,4.9,0.17
Iron Chef America: Supreme Cuisine,2.0,0.17
ESPN Final Round Golf 2002,6.0,0.17
Katamari Damacy Reroll,8.8,0.17
Let's TAP,7.0,0.17
Goblin Commander: Unleash the Horde,7.4,0.17
Pursuit Force: Extreme Justice,7.4,0.17
Transformers: Dark of the Moon,3.0,0.17
.hack//G.U. Vol.3//Redemption,5.7,0.17
Captain America: Super Soldier,5.9,0.17
MotoGP 10/11,6.0,0.17
Mercury Meltdown Revolution,8.0,0.17
Top Spin 2,7.7,0.17
NBA 09: The Inside,8.2,0.17
Batman Begins,6.3,0.17
Bee Movie Game,6.8,0.17
Ashes Cricket 2009,6.8,0.17
NHL 07,7.6,0.17
Rise of the Argonauts,5.2,0.17
Disney's Home on the Range,5.0,0.17
MotoGP 09/10,7.0,0.17
Monsters vs. Aliens,6.5,0.17
.hack//G.U. Vol.1//Rebirth,6.6,0.17
Fairytale Fights,4.8,0.17
The Cursed Crusade,4.0,0.17
Catwoman,4.6,0.17
Fairytale Fights,4.9,0.17
Green Lantern: Rise of the Manhunters,6.5,0.17
James Bond 007: Everything or Nothing,7.1,0.17
Shrek Extra Large,3.0,0.17
Gunvalkyrie,6.1,0.17
G-Force,7.4,0.17
Clock Tower II: The Struggle Within,4.4,0.17
Pursuit Force,7.4,0.17
Bomberman Land,6.0,0.17
Axiom Verge,7.5,0.17
Dementium: The Ward,7.5,0.17
Backyard Wrestling: Don't Try This at Home,6.0,0.17
Lost Kingdoms,7.3,0.17
Street Fighter Alpha 2,8.0,0.17
Driver: San Francisco,7.0,0.17
Zoo Keeper,7.2,0.17
Midway Arcade Treasures,6.8,0.17
Classic NES Series: Donkey Kong,6.5,0.17
Resident Evil,7.3,0.17
F1 2011,5.5,0.17
Aliens: Infestation,8.5,0.17
Cubivore: Survival of the Fittest,7.1,0.17
Blood Bowl,6.4,0.17
Taz Wanted,5.5,0.16
Castlevania Judgment,4.6,0.16
Hot Wheels Velocity X,5.2,0.16
Alien Resurrection,5.2,0.16
Create,6.4,0.16
Clash of the Titans: The Videogame,3.8,0.16
Robotech: Battlecry,7.2,0.16
Zapper: One Wicked Cricket!,5.7,0.16
Curious George,6.6,0.16
Guilty Gear Judgment,7.5,0.16
NCAA Football 09 All-Play,5.3,0.16
Fracture,4.0,0.16
King's Field,7.1,0.16
Midway Arcade Treasures 2,7.2,0.16
El Shaddai: Ascension of the Metatron,8.0,0.16
Apache: Air Assault,6.8,0.16
Marble Saga: Kororinpa,7.4,0.16
Spider-Man: Web of Shadows - Amazing Allies Edition,7.7,0.16
Fatal Frame II: Crimson Butterfly,7.8,0.16
Bulletstorm,8.7,0.16
Just Cause 3,7.6,0.16
The Incredibles: Rise of the Underminer,6.7,0.16
Alone in the Dark: The New Nightmare,7.2,0.16
The King of Fighters XII,6.0,0.16
Sid Meier's Pirates!,6.5,0.16
Eragon,6.8,0.16
World Series of Poker: Tournament of Champions 2007 Edition,6.9,0.16
Klonoa,7.6,0.16
Ready 2 Rumble Revolution,3.1,0.16
Culdcept SAGA,7.7,0.16
Innocent Life: A Futuristic Harvest Moon,6.5,0.16
Asteroids Hyper 64,5.6,0.16
Buck Bumble,6.8,0.16
Starcraft 64,8.0,0.16
Naruto: Ultimate Ninja Heroes 2 - The Phantom Fortress,6.2,0.16
Blitz: The League,6.5,0.16
Ghost in the Shell: Stand Alone Complex,6.6,0.16
Pillars of Eternity,8.3,0.16
TNA iMPACT!,5.3,0.16
Scarface: Money. Power. Respect.,6.4,0.16
Custom Robo Arena,7.4,0.16
Sid Meier's Civilization IV,9.4,0.16
Shaun White Skateboarding,6.1,0.16
Konami Krazy Racers,7.7,0.16
F-Zero: GP Legend,7.1,0.16
Field Commander,7.7,0.16
NBA 2K12,8.5,0.16
Dragon Ball: Origins 2,6.9,0.16
James Noir's Hollywood Crimes,7.0,0.16
Naruto Powerful Shippuden,8.0,0.16
Darksiders II,8.2,0.16
Castlevania: Lords of Shadow - Mirror of Fate,7.2,0.16
Amped 3,7.2,0.16
Chaotic: Shadow Warriors,6.2,0.16
Arcana Heart,8.1,0.16
We Dance,3.5,0.16
Xenoblade Chronicles 2: Torna ~ The Golden Country,7.5,0.16
Godzilla Unleashed,4.5,0.16
Gravity Rush Remastered,7.9,0.16
Fist of the North Star: Ken's Rage,5.4,0.16
Lufia: Curse of the Sinistrals,7.8,0.16
Digimon Battle Spirit 2,7.0,0.15
Saw II: Flesh & Blood,4.9,0.15
Blitz: The League II,6.3,0.15
Stormrise,4.4,0.15
Atelier Iris: Eternal Mana,7.2,0.15
Blinx 2: Masters of Time & Space,6.8,0.15
Wolfenstein: The Old Blood,8.0,0.15
WordJong,7.5,0.15
Bomberman,7.3,0.15
NCAA Football 2004,8.7,0.15
The Godfather: Blackhand Edition,7.4,0.15
XGIII: Extreme G Racing,8.6,0.15
Z.H.P. Unlosing Ranger vs Darkdeath Evilman,8.0,0.15
Crush3D,6.5,0.15
NHL 2K10,6.5,0.15
Infected,7.3,0.15
Kingdom of Paradise,7.0,0.15
de Blob 2,7.8,0.15
Thor: God of Thunder,6.4,0.15
Project Sylpheed: Arc of Deception,6.7,0.15
Naruto Shippuden: Legends: Akatsuki Rising,5.8,0.15
Major League Baseball 2K10,2.8,0.15
The Fairly Odd Parents: Clash with the Anti-World,3.5,0.15
Ice Age 2: The Meltdown,5.5,0.15
Zoids: Battle Legends,5.0,0.15
Killer7,7.2,0.15
Space Invaders Extreme,8.3,0.15
FIFA 06: Road to FIFA World Cup,6.1,0.15
Musashi: Samurai Legend,6.9,0.15
Space Station Silicon Valley,8.3,0.15
All-Star Baseball 2003,8.7,0.15
RiME,4.5,0.15
The Sims Medieval: Pirates and Nobles,5.5,0.15
Ys: The Oath in Felghana,8.2,0.15
Darksiders,8.0,0.15
Chessmaster II,7.5,0.15
All-Star Baseball 2003,7.7,0.15
Geist,6.6,0.15
Cardinal Syn,5.2,0.15
Blazing Angels 2: Secret Missions of WWII,7.2,0.15
Ridge Racer DS,6.3,0.15
Sam & Max: Season One,7.1,0.15
DiRT 3,9.0,0.15
Shenmue II,8.7,0.15
Armored Core: For Answer,6.5,0.15
Gear.Club Unlimited,6.1,0.15
The Incredible Hulk: Ultimate Destruction,8.7,0.15
SNK Arcade Classics Vol. 1,6.7,0.15
Prince of Persia: The Two Thrones,8.7,0.15
Phantasy Star Online Episode I & II,8.2,0.15
NHL 2K10,6.6,0.15
Metroid Prime: Federation Force,6.3,0.15
The Wizard of Oz: Beyond The Yellow Brick Road,6.4,0.15
Blazing Dragons,6.6,0.15
MLB 13: The Show,7.6,0.15
Darkstalkers Chronicle: The Chaos Tower,7.5,0.15
Boktai: The Sun is in Your Hand,7.8,0.15
Thor: God of Thunder,3.7,0.15
Cave Story 3D,8.2,0.15
Shadow Hearts: From The New World,7.6,0.14
Mega Man Powered Up,8.7,0.14
Has-Been Heroes,4.8,0.14
Spider-Man: Friend or Foe,5.6,0.14
Heroes of Mana,6.4,0.14
Adrenalin Misfits,4.7,0.14
G.I. Joe: The Rise of Cobra,5.2,0.14
Thor: God of Thunder,3.8,0.14
Class of Heroes,5.4,0.14
Fatal Frame,7.6,0.14
Rayman 3,7.9,0.14
The Fifth Element,3.7,0.14
Gungnir,7.4,0.14
FIFA Street 2,4.9,0.14
Wild ARMs 4,6.6,0.14
Ratatouille,6.1,0.14
G.I. Joe: The Rise of Cobra,5.2,0.14
Hexyz Force,6.7,0.14
Klonoa: Empire of Dreams,8.6,0.14
Second Sight,7.9,0.14
Championship Motocross 2001 featuring Ricky Carmichael,6.8,0.14
Doshin the Giant,6.8,0.14
World Championship Poker: Howard Lederer - All In,5.1,0.14
Power Stone,8.6,0.14
Top Spin 4,4.0,0.14
Power Gig: Rise of the SixString,3.9,0.14
Victorious Boxers: Revolution,5.8,0.14
Doom,8.3,0.14
Marvel vs. Capcom 2,9.0,0.14
Hitman: Blood Money,8.1,0.14
Gretzky NHL 06,5.8,0.14
Sphinx and the Cursed Mummy,8.4,0.14
South Park: The Fractured But Whole,9.5,0.14
Risen 2: Dark Waters,5.5,0.14
TRINITY: Souls of Zill O'll,5.5,0.14
Virtua Tennis 4,5.2,0.14
Bravo Air Race,5.3,0.14
The Granstream Saga,7.6,0.14
Baldur's Gate: Dark Alliance,7.7,0.14
Bio FREAKS,6.2,0.14
"Holy Invasion of Privacy, Badman! What Did I Do to Deserve This?",6.9,0.14
The Operative: No One Lives Forever,6.8,0.14
Dead or Alive 2,9.0,0.14
X-Blades,6.0,0.14
Ecco the Dolphin: Defender of the Future,7.8,0.14
Just Cause,7.3,0.14
Jim Henson's the Muppets: On With the Show!,6.3,0.14
Bottom of the 9th,8.0,0.14
The Orange Box,9.7,0.14
NFL Blitz 20-03,7.8,0.14
Eragon,4.2,0.14
Disney's Chicken Little,7.0,0.14
Secret Agent Clank,7.0,0.14
BIT.TRIP SAGA,7.5,0.14
How to Train Your Dragon,4.6,0.14
Ultimate Muscle - The Kinnikuman Legacy: Legends vs New Generation,8.0,0.14
Rayman Arena,6.2,0.14
4X4 EVO 2,5.1,0.14
Blazing Angels 2: Secret Missions of WWII,7.6,0.14
Rodea the Sky Soldier,7.0,0.14
NBA 2K13,7.6,0.14
Create,6.3,0.14
Hard Rock Casino,3.8,0.14
Fear Factor: Unleashed,3.0,0.14
Robots,4.5,0.14
Valhalla Knights: Eldar Saga,3.5,0.14
Bust-A-Move Deluxe,7.1,0.14
Scene It? Bright Lights! Big Screen!,6.2,0.14
Vampire Night,6.4,0.14
Metal Slug 7,6.9,0.14
World Championship Poker 2: Featuring Howard Lederer,7.0,0.14
Risen,7.8,0.14
Disney's Cinderella: Magical Dreams,6.0,0.14
MotoGP '06,8.3,0.14
Metal Gear Solid V: Ground Zeroes,8.3,0.14
G.I. Joe: The Rise of Cobra,5.6,0.14
Naruto Shippuden: Kizuna Drive,7.0,0.14
X-Blades,5.9,0.14
Rogue Warrior,2.5,0.13
Open Season,7.4,0.13
Kung Fu Panda 2,3.0,0.13
James Bond 007: Nightfire,7.2,0.13
Castlevania Chronicles,7.2,0.13
My Spanish Coach,7.0,0.13
King Arthur,6.7,0.13
Baseball Advance,8.3,0.13
Red Orchestra 2: Heroes of Stalingrad,7.7,0.13
Destroy All Humans! Big Willy Unleashed,5.3,0.13
Lord of the Rings: Tactics,6.9,0.13
Divinity II: The Dragon Knight Saga,7.5,0.13
Ys: The Ark of Napishtim,7.4,0.13
Supremacy MMA,5.0,0.13
New Gundam Breaker,2.8,0.13
Azure Dreams,7.4,0.13
Legendary,4.0,0.13
Shin Megami Tensei: Devil Summoner 2 - Raidou Kuzunoha vs. King Abaddon,8.0,0.13
Castrol Honda Superbike Racing,3.9,0.13
Anno 1701: Dawn of Discovery,8.0,0.13
Phantom Brave: We Meet Again,7.6,0.13
Chicken Run,6.3,0.13
Nickelodeon Kart Racers,2.0,0.13
BlazBlue: Continuum Shift II,7.5,0.13
Tomb Raider: Legend,8.3,0.13
Dragon Age Origins: Awakening,8.3,0.13
Rumble Roses XX,6.5,0.13
Yu-Gi-Oh! GX: Tag Force,6.0,0.13
Dead to Rights: Reckoning,5.2,0.13
Venetica,5.2,0.13
Fire ProWrestling,8.0,0.13
007: Quantum of Solace,6.3,0.13
The House of the Dead,7.5,0.13
RollerCoaster Tycoon,5.5,0.13
FIFA World Cup Germany 2006,7.7,0.13
Hitman 2: Silent Assassin,8.3,0.13
Ape Escape 3,7.8,0.13
Digimon Racing,6.0,0.13
Eat Lead: The Return of Matt Hazard,5.3,0.13
Iridion II,7.9,0.13
Star Wars: Lethal Alliance,6.3,0.13
Street Fighter IV,9.1,0.13
Summon Night: Twin Age,7.3,0.13
Destroy All Humans! Path of the Furon,4.1,0.13
Fat Princess: Fistful of Cake,7.0,0.13
Shin Megami Tensei: Digital Devil Saga,7.6,0.13
Green Lantern: Rise of the Manhunters,6.0,0.13
Sega GT,7.8,0.13
Dokapon Kingdom,7.2,0.13
Portal Runner,6.7,0.13
Warriors Orochi 2,4.3,0.13
Spartan: Total Warrior,7.0,0.13
Zapper: One Wicked Cricket!,6.6,0.13
Monopoly Party,7.3,0.13
Classic NES Series: Dr. Mario,6.1,0.13
Kelly Slater's Pro Surfer,8.0,0.13
Tom Clancy's Splinter Cell: Blacklist,9.2,0.13
Shin Megami Tensei: Devil Survivor 2 Record Breaker,8.4,0.13
Dynasty Warriors 5 Empires,6.4,0.13
X-Men: Next Dimension,7.0,0.13
Thor: God of Thunder,6.4,0.13
Everybody Dance,6.5,0.13
Etrian Odyssey 2 Untold: Knight of Fafnir,8.0,0.13
The Legend of Heroes: Trails of Cold Steel III,7.0,0.13
DJ Max Fever,7.7,0.13
Little Dragons Café,7.0,0.13
Brothers in Arms: Double Time,4.6,0.13
Freedom Fighters,8.8,0.13
Mega Man X Collection,7.5,0.13
Teenage Mutant Ninja Turtles: Arcade Attack,4.3,0.13
NHL 2K7,8.2,0.13
Record of Agarest War Zero,6.2,0.13
Diner Dash: Sizzle & Serve,5.9,0.12
Disney's Atlantis: The Lost Empire,6.0,0.12
Zero Escape: Zero Time Dilemma,7.7,0.12
Mega Man X: Command Mission,7.2,0.12
PixelJunk Monsters Deluxe,8.7,0.12
Eat Lead: The Return of Matt Hazard,5.5,0.12
Classic NES Series: Xevious,6.4,0.12
Galidor: Defenders of the Outer Dimension,5.9,0.12
Are You Smarter than a 5th Grader? Game Time,4.0,0.12
Pryzm Chapter One: The Dark Unicorn,6.3,0.12
Rocket League,9.2,0.12
Go! Sudoku,6.8,0.12
Venetica,5.0,0.12
Echo Night,6.3,0.12
Colony Wars III: Red Sun,8.1,0.12
Ice Age: Dawn of the Dinosaurs,6.7,0.12
Makai Kingdom: Chronicles of the Sacred Tome,7.9,0.12
Bomberman Party Edition,7.9,0.12
Undead Knights,6.6,0.12
Red Faction II,7.9,0.12
EA Replay,5.0,0.12
Dance Paradise,7.0,0.12
Conduit 2,6.3,0.12
Football Manager Classic 2014,5.8,0.12
"Snipperclips Plus: Cut It Out, Together!",8.2,0.12
Cel Damage,5.7,0.12
Geometry Wars: Galaxies,8.0,0.12
Lunar: Dragon Song,5.9,0.12
X2: Wolverine's Revenge,6.0,0.12
Picross 3D Round 2,8.6,0.12
Rocket: Robot on Wheels,8.3,0.12
College Hoops 2K6,6.5,0.12
Spider-Man: Edge of Time,5.5,0.12
Tenchu: Shadow Assassins,7.5,0.12
Academy of Champions: Soccer,7.1,0.12
The Sky Crawlers: Innocent Aces,7.3,0.12
Jaws: Ultimate Predator,4.0,0.12
Power Gig: Rise of the SixString,3.0,0.12
Burning Road,6.0,0.12
Sonic Adventure 2,8.9,0.12
The Bible Game,3.5,0.12
Major League Baseball 2K6,7.4,0.12
Disney's Extreme Skate Adventure,7.4,0.12
Akuji the Heartless,6.7,0.12
NBA 2K2,8.8,0.12
Psychonauts,8.8,0.12
Jeremy McGrath Supercross World,2.7,0.12
SimAnimals Africa,5.5,0.12
Raiden IV,7.0,0.12
Payday 2,5.0,0.12
Phantasy Star Universe,6.6,0.12
Battles of Prince of Persia,5.6,0.12
Castlevania: Curse of Darkness,7.2,0.12
Lost in Shadow,6.7,0.12
Call of Juarez: The Cartel,4.5,0.12
Alice: Madness Returns,6.7,0.12
MLB 14 The Show,7.1,0.12
Nintendo Pocket Football Club,7.0,0.12
FIFA Soccer,7.8,0.12
GT Advance 2: Rally Racing,7.6,0.11
Tom Clancy's EndWar,6.7,0.11
Darkspore,6.6,0.11
Zubo,7.5,0.11
A Witch's Tale,5.0,0.11
The Alliance Alive,7.3,0.11
Classic NES Series: Bomberman,5.4,0.11
Phantasy Star Collection,7.9,0.11
Dead Cells,9.3,0.11
Retro Game Challenge,8.1,0.11
Tom Clancy's Splinter Cell Trilogy,6.5,0.11
BoomBots,4.5,0.11
Phantom Dust,8.2,0.11
The King of Fighters XII,6.4,0.11
Namco Museum Arcade Pac,7.8,0.11
de Blob 2,7.5,0.11
Dementium II,7.5,0.11
TMNT,3.6,0.11
Ring of Red,8.0,0.11
18 Wheeler: American Pro Trucker,5.0,0.11
Mana Khemia: Student Alliance,3.2,0.11
The King of Fighters '99,7.0,0.11
FIFA Soccer 06,7.6,0.11
Deus Ex: Human Revolution,8.6,0.11
BloodRayne,7.9,0.11
Gabrielle's Ghostly Groove 3D,7.5,0.11
Calling,4.8,0.11
Bodycount,4.9,0.11
Disney's Peter Pan: Return to Never Land,4.0,0.11
Open Season,5.7,0.11
Cloudy With A Chance of Meatballs,6.7,0.11
Green Lantern: Rise of the Manhunters,5.5,0.11
Contra Advance: The Alien Wars EX,6.7,0.11
Master of the Monster Lair,6.9,0.11
Army Men: RTS,6.1,0.11
Shadow of Destiny,6.8,0.11
Mortal Kombat: Deception,7.2,0.11
Beaterator,7.9,0.11
Astro Boy: The Video Game,5.0,0.11
Brave Story: New Traveler (US sales),7.5,0.11
BlazBlue: Calamity Trigger Portable,7.9,0.11
Odama,6.5,0.11
Pinball Hall of Fame: The Williams Collection,8.0,0.11
Bionicle Heroes,5.4,0.11
Eragon,6.2,0.11
Batman & Robin,5.4,0.11
Fighting Force 64,5.2,0.11
Spyborgs,6.3,0.11
Wolfenstein II: The New Colossus,8.3,0.11
RiME,7.1,0.11
Overcooked Special Edition,8.4,0.11
Night at the Museum: Battle of the Smithsonian,5.4,0.11
Bodycount,4.8,0.11
Breakout,4.9,0.11
Death Jr.: Root of Evil,7.3,0.11
"Prinny 2: Dawn of Operation Panties, Dood!",6.3,0.11
Avatar: The Last Airbender,6.0,0.11
Dawn of Discovery,7.9,0.11
NBA 2K18,7.0,0.11
Panzer Dragoon Saga,9.1,0.11
The Scorpion King: Rise of the Akkadian,5.2,0.11
Prinny: Can I Really Be the Hero?,7.2,0.11
Pimp My Ride,3.8,0.11
Pokemon Rumble World,7.0,0.11
Patapon 2,8.2,0.11
Ty the Tasmanian Tiger 2: Bush Rescue,6.9,0.11
BlazBlue: Continuum Shift II,6.0,0.11
The Polar Express,3.3,0.11
Ys VIII: Lacrimosa of Dana,8.5,0.11
Sonic Generations,8.3,0.11
Burnout Paradise Remastered,8.0,0.11
Frogger: Helmet Chaos,7.0,0.11
Astro Boy: The Video Game,5.3,0.11
Starsky & Hutch,6.0,0.11
Arcade Party Pak,7.6,0.11
Planet 51,5.7,0.11
Railroad Tycoon II,6.6,0.11
The BIGS,7.6,0.11
Rengoku: The Tower of Purgatory,4.7,0.11
Dynasty Warriors Advance,5.2,0.11
Metal Gear Solid Integral,9.0,0.11
FIFA World Cup Germany 2006,6.5,0.11
Rogue Warrior,3.0,0.11
"Sakura Wars: So Long, My Love",7.4,0.11
Sakura Wars,7.6,0.11
Rome: Total War,9.0,0.11
Carnage Heart,7.1,0.11
"Grand Theft Auto: Mission Pack #1, London 1969",6.7,0.11
Pro Evolution Soccer 2014,8.3,0.11
Trauma Center: Under the Knife 2,8.2,0.11
Dark Souls: Remastered,8.0,0.11
Brunswick Circuit Pro Bowling 2,7.0,0.11
The Godfather: Mob Wars,6.2,0.1
Puzzle Chronicles,6.5,0.1
The First Templar,7.0,0.1
Vexx,6.8,0.1
Disney's Chicken Little: Ace In Action,7.6,0.1
World Series of Poker: Tournament of Champions 2007 Edition,6.4,0.1
The Lord of the Rings: Conquest,5.9,0.1
Banjo-Pilot,6.2,0.1
Cloudy With a Chance of Meatballs,6.7,0.1
Tom Clancy's Splinter Cell: Conviction,8.0,0.1
Tom Clancy's Splinter Cell: Chaos Theory,7.8,0.1
JU-ON: The Grudge,4.0,0.1
Ridge Racer 2,7.5,0.1
Gretzky NHL,6.0,0.1
Stardew Valley,8.8,0.1
Disgaea Infinite,6.8,0.1
Phantom Brave: The Hermuda Triangle,7.2,0.1
Riviera: The Promised Land,8.7,0.1
Yu-Gi-Oh! 5D's Wheelie Breakers,7.5,0.1
Vandal Hearts II,7.2,0.1
Astro Boy: The Video Game,4.4,0.1
Marvel Super Hero Squad: The Infinity Gauntlet,4.8,0.1
The Book of Unwritten Tales,7.9,0.1
Miami Law,5.5,0.1
The King of Fighters: Dream Match 1999,7.2,0.1
Blitz: The League II,6.6,0.1
Dungeons & Dragons Tactics,5.2,0.1
Agatha Christie: The ABC Murders,6.0,0.1
Blue Stinger,6.7,0.1
The Elder Scrolls Online: Summerset,7.5,0.1
Hunter: The Reckoning,7.1,0.1
Baten Kaitos Origins,7.5,0.1
Surf's Up,6.2,0.1
X-Men: The Official Game,4.8,0.1
Record of Agarest War Zero,6.5,0.1
X-Men: Destiny,3.3,0.1
Guitar Hero: Van Halen,4.9,0.1
Beach Spikers: Virtua Beach Volleyball,7.1,0.1
Bullet Witch,6.6,0.1
Aidyn Chronicles: The First Mage,6.0,0.1
Lode Runner 3-D,7.0,0.1
Spider-Man: Web of Shadows,7.9,0.1
Disney's The Jungle Book,5.0,0.1
Marvel vs. Capcom: Clash of Super Heroes,8.5,0.1
NBA Ballers: Rebound,7.3,0.1
Over the Hedge,6.6,0.1
NHL 2K6,7.3,0.1
Thor: God of Thunder,6.0,0.1
Dragon Ball: Evolution,3.4,0.1
College Hoops 2K6,8.3,0.1
"Warhammer 40,000: Dawn of War II - Chaos Rising",8.6,0.1
Cubic Ninja,5.5,0.1
Harry Potter and the Deathly Hallows - Part 2,4.3,0.1
Opoona,6.4,0.1
Universal Studios Theme Parks Adventure,5.1,0.1
The BIGS 2,6.8,0.1
Harvest Moon: Frantic Farming,7.0,0.1
Dead or Alive 5 Last Round,7.5,0.1
Blue Dragon: Awakened Shadow,5.7,0.1
Cartoon Network: Punch Time Explosion,5.6,0.1
Dead or Alive 5 Plus,8.0,0.1
Shadow Tower,5.7,0.1
Ice Age 2: The Meltdown,6.8,0.1
Classic NES Series: Excitebike,6.4,0.1
The Legend of Heroes: Trails in the Sky,8.1,0.1
Shantae and the Pirate's Curse,7.7,0.1
Heatseeker,5.5,0.1
Ar tonelico: Melody of Elemia,7.0,0.1
NASCAR,7.2,0.1
Darkest of Days,4.6,0.1
Castlevania Double Pack,9.0,0.1
Ballistic: Ecks vs. Sever,7.3,0.1
"Blast Works: Build, Trade, Destroy",8.2,0.1
Steel Battalion,7.7,0.1
MindJack,4.5,0.1
F.E.A.R. 2: Project Origin,8.2,0.09
Rocky,7.0,0.09
Dungeons,6.5,0.09
The Legend of Heroes: A Tear of Vermillion,6.9,0.09
Bladestorm: The Hundred Years' War,6.9,0.09
Arcania: Gothic 4,6.2,0.09
Altered Beast: Guardian of the Realms,6.5,0.09
Harvest Moon: Skytree Village,5.0,0.09
Psychonauts,8.6,0.09
Space Invaders Extreme,8.2,0.09
Alien Hominid,8.3,0.09
Ultimate Mortal Kombat,7.3,0.09
Ninja Gaiden Black,9.5,0.09
Driver: Renegade,3.5,0.09
Green Lantern: Rise of the Manhunters,5.5,0.09
I-Ninja,7.2,0.09
Age of Empires II: The Age of Kings,9.3,0.09
Jimmie Johnson's Anything With an Engine,7.3,0.09
echochrome,7.6,0.09
Halo 2,6.9,0.09
Wild ARMs: Alter Code F,7.2,0.09
Bomberman Max 2: Blue Advance,7.3,0.09
Hearts of Iron III,7.9,0.09
GripShift,7.1,0.09
Skies of Arcadia,9.2,0.09
Puchi Puchi Virus,7.4,0.09
Def Jam Fight For NY: The Takeover,8.0,0.09
The Amazing Spider-Man (2012),6.0,0.09
Last Rebellion,4.8,0.09
Obscure: The Aftermath,6.5,0.09
Astro Boy: Omega Factor,8.8,0.09
Brain Age: Concentration Training,7.5,0.09
Import Tuner Challenge (American sales),6.4,0.09
Batman Beyond: Return of the Joker,2.0,0.09
Pro Evolution Soccer 2012,7.0,0.09
Damnation,3.6,0.09
Zoids Assault,5.2,0.09
Mystic Heroes,6.8,0.09
Ratchet & Clank Future: Quest for Booty,7.7,0.09
Mahjong Cub3D,6.9,0.09
Dark Angel: Vampire Apocalypse,4.6,0.09
Supreme Commander,5.7,0.09
Knights in the Nightmare,8.0,0.09
BIT.TRIP COMPLETE,8.1,0.09
Ikaruga,8.0,0.09
Ys I & II Chronicles,6.4,0.09
Harvest Moon: Boy & Girl,6.1,0.09
Attack on Titan 2,7.0,0.09
Battle Fantasia,7.0,0.09
Spectral Force 3,5.9,0.09
Digimon World 4,5.2,0.09
Rock Band 3,8.5,0.09
Ty the Tasmanian Tiger 3: Night of the Quinkan,6.2,0.09
Henry Hatsworth in the Puzzling Adventure,9.1,0.09
NBA 2K18,7.0,0.09
Major League Baseball 2K7,6.3,0.09
LEGO Star Wars II: The Original Trilogy,6.0,0.09
Data East Arcade Classics,5.0,0.09
LEGO Batman: The Videogame,7.4,0.09
ShellShock 2: Blood Trails,3.2,0.09
The Incredibles: Rise of the Underminer,6.5,0.09
Theme Hospital,7.2,0.09
Captain America: Super Soldier,5.0,0.09
F.E.A.R. Files,6.9,0.09
ChuChu Rocket!,8.1,0.09
Codename Tenka,7.0,0.09
Destroy All Humans! Path of the Furon,5.0,0.09
Cloudy With a Chance of Meatballs,6.7,0.09
Major League Baseball 2K9,6.0,0.09
Killer7,6.5,0.09
50 Cent: Bulletproof,5.5,0.09
MetropolisMania,6.8,0.09
Shin Megami Tensei: Devil Summoner - Raidou Kuzunoha vs the Soulless Army,7.4,0.09
Ephemeral Fantasia,5.7,0.08
FIFA 18,8.0,0.08
Nano Assault,6.0,0.08
Koudelka,6.5,0.08
Exit,7.9,0.08
America's Army: True Soldiers,4.5,0.08
Frantix,5.4,0.08
Knights in the Nightmare,7.5,0.08
Knights Contract,5.8,0.08
Hammerin' Hero,7.0,0.08
Cloudy With a Chance of Meatballs,6.0,0.08
Bomberman Jetters,7.2,0.08
Gray Matter,7.3,0.08
Air Conflicts: Secret Wars,6.0,0.08
Armorines: Project S.W.A.R.M.,3.2,0.08
Gundam Seed: Battle Assault,6.5,0.08
Shining Force: Resurrection of the Dark Dragon,7.8,0.08
Blazing Angels: Squadrons of WWII,7.0,0.08
Gradius Galaxies,7.8,0.08
NHL 2K7,8.0,0.08
Godzilla Generations,3.2,0.08
Shin Megami Tensei: Digital Devil Saga 2,8.1,0.08
FIFA Soccer 2005,8.1,0.08
Supremacy MMA,5.0,0.08
NBA 10 The Inside,6.5,0.08
Fatal Frame III: The Tormented,7.7,0.08
Zero: Tsukihami no Kamen,7.5,0.08
Tom Clancy's Splinter Cell: Pandora Tomorrow,6.7,0.08
Samurai Shodown Sen,4.8,0.08
GoldenEye 007,5.5,0.08
Ice Age 2: The Meltdown,6.5,0.08
Iggy's Reckin' Balls,6.8,0.08
Tony Hawk's Pro Skater 3,8.1,0.08
Wetrix,8.6,0.08
Knights Contract,5.0,0.08
Darksiders II: Deathinitive Edition,7.5,0.08
Line Rider 2: Unbound,5.0,0.08
TimeSplitters: Future Perfect,8.4,0.08
The King of Fighters EX2: Howling Blood,7.9,0.08
"Warhammer 40,000: Dawn of War II - Retribution",7.9,0.08
Shonen Jump's One Piece: Pirates Carnival,4.6,0.08
A-Train,6.0,0.08
Earth Defense Force 2017,7.4,0.08
Batman: Dark Tomorrow,2.3,0.08
Crush,8.5,0.08
Ogre Battle Series: Tactics Ogre,7.9,0.08
Tomb Raider: Legend,7.9,0.08
Boxing Fever,7.2,0.08
7 Wonders of the Ancient World,5.4,0.08
Taz Wanted,5.7,0.08
TrackMania DS,7.5,0.08
Battlefield 2,9.0,0.08
Evolution Worlds,6.5,0.08
New International Track & Field,7.4,0.08
Soul Bubbles,7.0,0.08
P.N.03 - Product Number Three,6.3,0.08
Ultimate Ghosts 'n Goblins,7.3,0.08
C.O.P.: The Recruit,5.7,0.08
Alien Syndrome,4.9,0.08
Phantasy Star Online Episode III: C.A.R.D. Revolution,7.4,0.08
Tomb Raider: Underworld,8.0,0.08
Samurai Warriors 2,5.4,0.08
Ultimate Fighting Championship: Throwdown,6.7,0.08
Bangai-O Spirits,8.4,0.08
Urban Reign,7.5,0.08
Resident Evil 3: Nemesis,5.7,0.08
Madden NFL 08,7.6,0.08
Infernal: Hell's Vengeance,4.4,0.08
GT Advance 3: Pro Concept Racing,7.7,0.08
Mario vs. Donkey Kong: Tipping Stars,6.5,0.08
ARK: Survival Evolved,4.0,0.08
Elebits: The Adventures of Kai and Zero,7.5,0.08
R: Racing Evolution,6.1,0.08
Stella Deus: The Gate of Eternity,7.3,0.08
Conflict: Desert Storm,6.3,0.08
Baroque,5.2,0.08
Super Street Fighter IV: Arcade Edition,8.5,0.08
Carol Vorderman's Sudoku,7.4,0.08
Culdcept Revolt,7.3,0.07
Buster Bros. Collection,6.9,0.07
Rayman 3: Hoodlum Havoc,7.3,0.07
Again,6.0,0.07
Superman Returns,3.8,0.07
You Don't Know Jack,6.0,0.07
Boxing,5.9,0.07
Rogue Trooper: Quartz Zone Massacre,8.0,0.07
Gladius,8.3,0.07
Far Cry 5,6.3,0.07
Smashing Drive,4.7,0.07
Bomberman Max 2: Red Advance,7.5,0.07
Open Season,6.7,0.07
Dream Trigger 3D,5.7,0.07
I-Ninja,7.8,0.07
Spot Goes to Hollywood,4.4,0.07
Kengo: Legend of The 9,4.8,0.07
Divinity II: Ego Draconis,6.8,0.07
Torchlight,8.4,0.07
TMNT: Mutant Melee,4.2,0.07
The Rub Rabbits!,7.3,0.07
Disney's Donald Duck Advance,6.5,0.07
Tom Clancy's Ghost Recon 2,5.7,0.07
WRC 2: FIA World Rally Championship,5.8,0.07
The King of Fighters: Evolution,7.6,0.07
Disaster: Day of Crisis,6.4,0.07
All-Star Baseball 2004,7.4,0.07
Burnout Paradise: The Ultimate Box,9.0,0.07
Alexi Lalas International Soccer,4.4,0.07
Warriors Orochi 4,8.5,0.07
Poi,5.0,0.07
Haunting Ground,6.6,0.07
Disney Sports Skateboarding,3.6,0.07
Second Sight,7.8,0.07
Operation Flashpoint: Dragon Rising,7.6,0.07
Vanguard Bandits,6.4,0.07
Damnation,3.1,0.07
Classic NES Series: Metroid,5.2,0.07
Blast Radius,6.6,0.07
Taz Wanted,5.8,0.07
Wallace & Gromit in Project Zoo,6.6,0.07
Aero Gauge,4.5,0.07
Battlezone: Rise of the Black Dogs,7.3,0.07
Shadowgate 64: Trials of the Four Towers,5.4,0.07
Operation Flashpoint: Red River,7.0,0.07
Tank! Tank! Tank!,4.7,0.07
FIFA Soccer 2004,8.2,0.07
Dave Mirra BMX Challenge,3.5,0.07
Rayman 3: Hoodlum Havoc,7.4,0.07
Cooking Mama: Sweet Shop,6.0,0.07
Open Season,5.0,0.07
Ghost in the Shell: Stand Alone Complex,5.7,0.07
Tomb Raider: Legend,6.5,0.07
Sushi Striker: The Way of Sushido,7.9,0.07
Circuit Breakers,5.9,0.07
Catwoman,5.3,0.07
Bionicle Heroes,6.1,0.07
Spartan: Total Warrior,7.1,0.07
Crazy Taxi 2,8.3,0.07
Anubis II,1.5,0.07
Football Manager 2010,8.7,0.07
Dino Master: Dig Discover Duel,2.5,0.07
Fable: The Lost Chapters,8.3,0.07
Dragon Valor,6.1,0.07
Midway Arcade Treasures 3,6.1,0.07
Firefighter F.D.18,5.9,0.07
Xbox Live Arcade Unplugged Volume 1,7.4,0.07
Army Men: RTS,6.9,0.07
Dragoneer's Aria,5.2,0.07
Obscure,6.8,0.07
Ultimate Marvel vs. Capcom 3,8.3,0.07
WipEout HD Fury,9.1,0.07
God Hand,7.0,0.07
Batman: Rise of Sin Tzu,5.5,0.07
BlazBlue: Cross Tag Battle,8.0,0.07
Disney's Party,4.0,0.07
Rayman Arena,5.0,0.07
Centipede / Breakout / Warlords,5.6,0.07
Worms 3D,7.5,0.07
Alex Rider: Stormbreaker,4.0,0.07
Zombi,7.5,0.07
"Flower, Sun, and Rain",5.7,0.07
Gunstar Super Heroes,8.0,0.07
RPG Maker: Fes,7.0,0.07
C: The Contra Adventure,4.2,0.07
Frogger Advance: The Great Quest,5.5,0.07
Full Spectrum Warrior: Ten Hammers,5.5,0.07
Risen 3: Titan Lords Enhanced Edition,1.0,0.07
Hot Wheels: Burnin' Rubber,8.0,0.06
IL-2 Sturmovik: Birds of Prey,5.0,0.06
RPG Maker 3,7.0,0.06
Zatch Bell! Mamodo Battles,7.0,0.06
James Bond 007: Blood Stone,7.0,0.06
Desert Strike Advance,6.8,0.06
Kabuki Warriors,1.0,0.06
Disney's Chicken Little: Ace In Action,6.0,0.06
July,4.8,0.06
Disney's Magical Quest 2 Starring Mickey and Minnie,5.6,0.06
Aggressive Inline,9.0,0.06
Blood Bowl,6.5,0.06
Monster Tale,7.7,0.06
Rayman: Hoodlum's Revenge,6.2,0.06
Crimson Gem Saga,7.3,0.06
Cel Damage,6.0,0.06
Cities XL 2012,6.0,0.06
Intellivision Lives!,6.4,0.06
Bionicle Heroes,7.8,0.06
Octomania,6.7,0.06
Lord of Magna: Maiden Heaven,7.0,0.06
LEGO Bionicle,6.4,0.06
Bomberman Land,6.5,0.06
Spy Games: Elevator Mission,2.0,0.06
Asterix and Obelix XXL2,6.5,0.06
Atelier Iris 2: The Azoth Of Destiny,6.8,0.06
Championship Surfer,7.2,0.06
From The Abyss,7.3,0.06
Age of Empires Online,7.0,0.06
Sudoku Ball Detective,5.0,0.06
Another Code R: A Journey into Lost Memories,5.9,0.06
Bubble Bobble: Old & New,5.5,0.06
Cartoon Network Battle Crashers,3.5,0.06
Alien Syndrome,5.2,0.06
PenPen TriIceLon,5.8,0.06
Vexx,6.4,0.06
The Next BIG Thing,6.8,0.06
Disney Sports Skateboarding,2.6,0.06
Create,6.0,0.06
Big Bang Mini,8.0,0.06
Call of Duty 2,7.0,0.06
Neon Genesis Evangelion,5.6,0.06
MotoGP 10/11,6.0,0.06
Blur,8.1,0.06
Guilty Gear X: Advance Edition,7.3,0.06
Unreal Tournament III,8.4,0.06
S.T.A.L.K.E.R.: Call of Pripyat,8.0,0.06
The Witcher,7.9,0.06
3D Lemmings,7.0,0.06
Broken Sword: The Shadow of the Templars,8.1,0.06
Resident Evil - Code: Veronica X,5.6,0.06
Kelly Slater's Pro Surfer,8.0,0.06
Ivy the Kiwi?,7.5,0.06
Vampire Rain: Altered Species,3.5,0.06
FIFA 07 Soccer,7.5,0.06
Pro Evolution Soccer 2011,6.0,0.06
Brave: A Warrior's Tale,4.4,0.06
Disgaea 1 Complete,8.0,0.06
Brave: A Warrior's Tale,4.7,0.06
Rooms: The Main Building,7.0,0.06
Men of War: Assault Squad,8.0,0.06
Fatal Frame,7.9,0.06
X-Men: Destiny,2.0,0.06
Resident Evil 2,5.9,0.06
Catwoman,4.7,0.06
Warriors Orochi 2,4.6,0.06
Mana Khemia: Alchemists of Al-Revis,6.6,0.06
Animorphs: Shattered Reality,3.5,0.06
Tom Clancy's Splinter Cell: Double Agent,5.6,0.06
Need for Speed: Shift,8.3,0.06
Lost Kingdoms II,6.6,0.06
Aggressive Inline,8.9,0.06
One Piece: Pirate Warriors 3 - Deluxe Edition,8.5,0.06
Viewtiful Joe: Red Hot Rumble,6.2,0.06
Generation of Chaos,5.9,0.06
Broken Sword II: The Smoking Mirror,7.3,0.06
Zoo Tycoon 2,7.2,0.06
Wreckless: ThE YaKuza MisSiOns,6.4,0.06
The Saboteur,7.1,0.06
Age of Mythology: The Titans,8.2,0.06
S.T.A.L.K.E.R.: Shadow of Chernobyl,8.0,0.06
Dance Dance Revolution: Mario Mix (JP sales),7.5,0.06
NBA Live 07,6.4,0.06
BattleBots: Beyond the BattleBox,5.8,0.06
Hail to the Chimp,7.0,0.06
Tom Clancy's Rainbow Six 3,6.5,0.06
Izuna 2: The Unemployed Ninja Returns,6.9,0.06
Amazing Island,7.1,0.06
Air Conflicts: Aces of World War II,3.3,0.05
Unsolved Crimes,6.0,0.05
Captain America: Super Soldier,6.0,0.05
Dual Hearts,7.5,0.05
Bottom of the 9th '99,5.0,0.05
FIFA Soccer 2003,6.9,0.05
Rez,9.0,0.05
Owlboy,9.0,0.05
Activision Hits: Remixed,7.4,0.05
Medabots: Infinity,5.4,0.05
Zapper: One Wicked Cricket!,5.2,0.05
F1 2010,8.0,0.05
LEGO Harry Potter: Years 1-4,8.2,0.05
Black Sigil: Blade of the Exiled,6.0,0.05
Drill Dozer,7.9,0.05
Death Jr. II: Root of Evil,6.9,0.05
Rhapsody: A Musical Adventure,6.7,0.05
King Arthur,6.5,0.05
Sega 3D Classics Collection,7.0,0.05
The Nightmare of Druaga: Fushigino Dungeon,6.4,0.05
Virtua Striker 2002,6.6,0.05
Fate/Unlimited Codes Portable,7.6,0.05
Major Minor's Majestic March,4.5,0.05
Hellblade: Senua's Sacrifice,8.3,0.05
Disney's PK: Out of the Shadows,4.0,0.05
IL-2 Sturmovik: Cliffs of Dover,5.0,0.05
Legend of Kay,7.2,0.05
Hunted: The Demon's Forge,6.1,0.05
TNA iMPACT: Cross the Line,3.5,0.05
Back to the Future: The Game,7.0,0.05
Air Traffic Chaos,6.8,0.05
FIFA Soccer 2004,8.5,0.05
Armored Core: Formula Front Extreme Battle,6.7,0.05
Disney's Party,4.4,0.05
The Typing of the Dead,8.6,0.05
Hail to the Chimp,7.0,0.05
Jenga World Tour,2.0,0.05
Ivy the Kiwi?,7.3,0.05
Shrek Super Party,4.9,0.05
Monster 4x4: Masters of Metal,5.1,0.05
Top Spin 2,5.2,0.05
Second Sight,7.9,0.05
Philosoma,5.0,0.05
Rave Master,6.8,0.05
GRID,7.9,0.05
All Star Tennis 99,5.1,0.05
Blues Brothers 2000,4.9,0.05
Venetica,6.0,0.05
DiRT 2,9.0,0.05
DuckTales: Remastered,8.6,0.05
Rogue Ops,6.1,0.05
Around the World in 80 Days,3.5,0.05
I am Setsuna,7.0,0.05
Cartoon Network Block Party,4.0,0.05
ZooCube,8.6,0.05
NBA 2K,8.9,0.05
World Series of Poker,4.7,0.05
Singularity,7.5,0.05
Barnyard,5.6,0.05
The Grim Adventures Of Billy & Mandy,6.6,0.05
GrimGrimoire,7.7,0.05
Capcom vs. SNK: Millennium Fight 2000 Pro,6.9,0.05
Battle Chasers: Nightwar,8.5,0.05
LEGO Indiana Jones 2: The Adventure Continues,6.8,0.05
American Bass Challenge,6.7,0.05
Fatal Frame II: Crimson Butterfly Director's Cut,8.7,0.05
2002 FIFA World Cup,7.4,0.05
Wonder Boy: The Dragon's Trap (Remake),7.4,0.05
The Lord of the Rings: The Battle for Middle-Earth II,8.0,0.05
Summoner: A Goddess Reborn,8.0,0.05
ESPN Great Outdoor Games Bass 2002,5.5,0.05
The Sims,8.9,0.05
Moon,6.7,0.05
"Warhammer 40,000: Dawn of War",8.8,0.05
Ys: The Ark of Napishtim,6.1,0.05
World Series of Poker: Tournament of Champions 2007 Edition,4.6,0.05
Need for Speed Carbon,7.9,0.05
Worms Reloaded,8.5,0.05
Super Bubble Pop,4.2,0.05
Rock of the Dead,5.0,0.05
Assassin's Creed: Altair's Chronicles,5.7,0.05
Double Dragon Advance,7.9,0.05
Activision Anthology,8.0,0.05
Devil's Third,3.8,0.05
Bad Boys: Miami Takedown,4.3,0.05
Mana Khemia: Alchemists of Al-Revis (JP sales),6.6,0.04
Wolfenstein,6.5,0.04
Company of Heroes,9.4,0.04
Trine 2: Director's Cut,7.8,0.04
Supreme Commander,8.7,0.04
Boktai 2: Solar Boy Django,7.9,0.04
Doom,8.0,0.04
Dark Arena,6.8,0.04
Heatseeker,4.8,0.04
Lost Sphear,6.5,0.04
Mafia,9.2,0.04
Justice League: Chronicles,3.5,0.04
Tropico 3,8.1,0.04
Conflict: Desert Storm II - Back to Bagdhad,6.9,0.04
King Arthur,6.6,0.04
Advance Guardian Heroes,7.0,0.04
Castle of Shikigami III,7.2,0.04
Pure Farming 2018,7.0,0.04
RollerCoaster Tycoon,8.7,0.04
Jerry Rice and Nitus' Dog Football,7.0,0.04
Chessmaster,7.5,0.04
Langrisser: Re:Incarnation Tensei,1.5,0.04
Dead Head Fred,7.6,0.04
The Invincible Iron Man,6.4,0.04
James Cameron's Avatar: The Game,6.4,0.04
MLB SlugFest 20-04,8.0,0.04
Pocket Pool,3.4,0.04
Sine Mora EX,8.0,0.04
Adventure Time: Explore the Dungeon Because I Don't Know!,2.8,0.04
You Don't Know Jack,9.2,0.04
Catwoman,6.1,0.04
Prey,8.5,0.04
Metal Gear Solid: Digital Graphic Novel,7.6,0.04
Metal Slug XX,6.9,0.04
PlayStation Move Ape Escape,4.0,0.04
Black & White,9.3,0.04
Patrician IV,6.7,0.04
Meteos: Disney Magic,7.3,0.04
Tom Clancy's Ghost Recon Wildlands,7.4,0.04
GRID,8.7,0.04
Bomberman: Act Zero,3.5,0.04
Astro Boy: The Video Game,7.0,0.04
All Points Bulletin,7.0,0.04
Denki Blocks!,8.0,0.04
Stoked: Big Air Edition,8.6,0.04
Ballistic,7.9,0.04
East India Company,7.4,0.04
Grand Theft Auto: Vice City,9.0,0.04
Empire Earth III,4.8,0.04
FIFA World Cup Germany 2006,7.3,0.04
Adidas Power Soccer,7.0,0.04
Dragon Ball: Advanced Adventure,7.7,0.04
Doom II,8.1,0.04
Fading Shadows,7.0,0.04
Evolution Skateboarding,4.8,0.04
Big Mutha Truckers,5.0,0.04
Assassin's Creed Rogue Remastered,6.0,0.04
Bionicle Heroes,4.7,0.04
The Movies,8.2,0.04
Supreme Commander: Forged Alliance,8.1,0.04
Monster Boy and the Cursed Kingdom,8.0,0.04
Halo: Combat Evolved,8.6,0.04
Blade Strangers,8.3,0.04
C.O.R.E.,4.4,0.04
Chaos Wars,6.8,0.04
Steambot Chronicles,7.2,0.04
Scaler,7.3,0.04
Napoleon Dynamite: The Game,4.3,0.04
Breath of Fire III,6.0,0.04
Rhapsody: A Musical Adventure,6.7,0.04
Hot Potato!,7.7,0.04
Saints Row 2,6.6,0.04
The Ant Bully,5.2,0.04
Major League Baseball 2K8,6.5,0.03
Alienators: Evolution Continues,7.0,0.03
Planescape: Torment,8.8,0.03
Radiant Silvergun,9.0,0.03
Zatch Bell! Electric Arena,4.4,0.03
Metal Gear Solid: Snake Eater 3D,7.9,0.03
S.T.A.L.K.E.R.: Clear Sky,7.0,0.03
World Series of Poker: Tournament of Champions 2007 Edition,6.4,0.03
Railroad Tycoon 3,8.8,0.03
World of Goo,9.0,0.03
World in Conflict,9.1,0.03
Cabela's Dangerous Hunts 2,6.5,0.03
"Crouching Tiger, Hidden Dragon",5.9,0.03
Driven,6.8,0.03
Red Faction II,8.1,0.03
Crimson Tears,5.9,0.03
Batman Forever: The Arcade Game,5.2,0.03
Rise of Nations: Rise of Legends,8.3,0.03
Code of Princess EX,7.2,0.03
Backyard NFL Football 2006,5.5,0.03
Naruto Shippuden: Ultimate Ninja Storm Trilogy,7.5,0.03
3D Baseball,7.6,0.03
Tail Concerto,7.3,0.03
The Sum of All Fears,3.2,0.03
Hitman: Blood Money,8.0,0.03
A Game of Thrones: Genesis,4.9,0.03
SoulCalibur II(JP sales),9.3,0.03
CT Special Forces,5.9,0.03
FIFA World Cup: Germany 2006,4.3,0.03
Earthworm Jim 2,4.7,0.03
Animal Boxing,6.1,0.03
Disney's Hide & Sneak,4.7,0.03
Legend of the Dragon,2.9,0.03
Astonishia Story,4.8,0.03
Elf Bowling 1 & 2,1.4,0.03
The Flintstones: Big Trouble in Bedrock,4.0,0.03
Zoo Tycoon,7.1,0.03
Blazing Angels: Squadrons of WWII,6.9,0.03
RoadKill,7.7,0.03
Red Faction: Guerrilla,8.3,0.03
Dr. Muto,7.5,0.03
Guilty Gear XX Accent Core Plus,7.0,0.03
Rabbids Land,6.1,0.03
Zero Escape: Virtue's Last Reward,9.0,0.03
Men of War,9.0,0.03
Go! Go! Hypergrind,6.5,0.03
Graffiti Kingdom,7.2,0.03
Armored Core SL: Silent Line Portable,5.8,0.03
Ratatouille,6.0,0.03
Klonoa 2: Dream Champ Tournament,8.1,0.03
Charlie Blasts Territory,5.9,0.03
Starshot: Space Circus Fever,5.2,0.03
CIMA: The Enemy,6.8,0.03
Rayman 3: Hoodlum Havoc,8.2,0.03
Hot Pixel,5.7,0.03
Star Wars: The Force Unleashed II,6.2,0.03
Atomic Betty,6.0,0.03
Armored Core: Last Raven Portable,5.0,0.03
Neverwinter Nights,8.7,0.03
Disney's Aladdin,5.9,0.03
Homeworld 2,8.1,0.03
NBA 08,7.2,0.03
Empire Earth II,8.0,0.03
NBA 2K13,9.1,0.03
Penny-Punching Princess,6.5,0.03
Gekido Advance: Kintaro's Revenge,7.7,0.03
Castlevania: Lords of Shadow - Reverie,7.0,0.03
Buffy the Vampire Slayer: Wrath of the Darkhul King,4.6,0.03
Roadsters,4.5,0.03
Sins of a Solar Empire,8.9,0.03
007: Quantum of Solace,7.1,0.03
Stardew Valley,8.8,0.03
Driver: Parallel Lines,5.9,0.03
Syberia,8.0,0.03
Disney Sports Soccer,7.3,0.03
Max Payne,7.8,0.03
NBA 2K7,8.4,0.03
Auto Modellista,5.9,0.03
Dave Mirra Freestyle BMX 3,8.0,0.03
Greg Hastings' Tournament Paintball Max'd,2.2,0.03
Gotcha Force,5.8,0.03
Jet Grind Radio,7.1,0.03
Baldur's Gate: Dark Alliance,8.0,0.03
Age of Conan: Rise of the Godslayer,7.9,0.03
NHL 07,7.6,0.03
The Lost Child,7.5,0.03
Max Payne 2: The Fall of Max Payne,9.1,0.03
Battlefield Vietnam,8.5,0.03
Madden NFL 07,7.0,0.03
Magicka,7.6,0.03
Gauntlet / Rampart,4.0,0.03
Justice League Heroes: The Flash,8.0,0.03
Metal Saga,6.1,0.03
Guild Wars: Nightfall,8.0,0.03
Bookworm,6.0,0.03
Agony,5.0,0.03
Battlefield 1942,9.0,0.03
Open Season,6.4,0.03
Drome Racers,7.5,0.03
Bully: Scholarship Edition,6.6,0.03
Viva Pinata,8.0,0.02
ZooCube,6.9,0.02
Tube Slider,5.9,0.02
Lost Sphear,6.0,0.02
Azure Striker Gunvolt,8.0,0.02
Disney's Magical Quest 3 Starring Mickey and Donald,6.5,0.02
Republique,6.5,0.02
Ty the Tasmanian Tiger 3: Night of the Quinkan,6.2,0.02
Bomberman Fantasy Race,6.3,0.02
Colin McRae Rally 2.0,8.5,0.02
Bugriders: The Race of Kings,3.0,0.02
AirForce Delta Storm,7.5,0.02
Future Tactics: The Uprising,6.8,0.02
The Lord of the Rings: Conquest,5.5,0.02
Kensei: Sacred Fist,5.7,0.02
Neverwinter Nights 2,8.0,0.02
DemiKids: Dark Version,6.6,0.02
Blender Bros.,7.4,0.02
DemiKids: Light Version,6.6,0.02
Bottom of the 9th '97,6.0,0.02
Demigod,7.2,0.02
Star Trek Online,5.9,0.02
Sniper Elite V2,7.0,0.02
Stronghold Crusader Extreme,4.3,0.02
Ice Age: Dawn of the Dinosaurs,6.8,0.02
Ceville,9.0,0.02
Rule of Rose,5.9,0.02
Brothers in Arms: Hell's Highway,6.0,0.02
Need for Speed: Payback,6.5,0.02
Quake 4,8.1,0.02
Left 4 Dead,8.6,0.02
Test Drive Unlimited,7.8,0.02
Mount & Blade,7.2,0.02
Undertale,9.0,0.02
Terminator 3: The Redemption,6.8,0.02
Spider-Man: Web of Shadows,5.3,0.02
XGRA: Extreme G Racing Association,7.4,0.02
Kill.switch,7.5,0.02
Aquanaut's Holiday,8.0,0.02
The Lord of the Rings: The Battle for Middle-Earth II,8.2,0.02
Spider-Man 3,6.2,0.02
Homeworld,9.1,0.02
Tenkai Knights: Brave Battle,4.5,0.02
Disney Sports Football,6.2,0.02
Chicken Hunter,3.5,0.02
Max Payne,9.2,0.02
F1 2002,6.5,0.02
Fuel,6.4,0.02
Ruff Trigger: The Vanocore Conspiracy,5.9,0.02
Crime Scene,8.0,0.02
Car Battler Joe,7.9,0.02
Runner3,7.5,0.02
Adidas Power Soccer 98,5.8,0.02
Speed Kings,6.7,0.02
Worldwide Soccer Manager 2007,8.9,0.02
Charlie's Angels,2.5,0.02
Still Life 2,7.3,0.02
Trapped Dead,4.0,0.02
Barbie as the Princess and the Pauper,6.0,0.02
Tycoon City: New York,6.2,0.02
"Warhammer 40,000: Dawn of War: Soulstorm",6.9,0.02
Kong: The Animated Series,5.0,0.02
Legendary,4.0,0.02
Disney Sports Basketball,6.7,0.02
Aedis Eclipse: Generation of Chaos,5.8,0.02
Gal Metal!,7.0,0.02
Goblin Commander: Unleash the Horde,7.4,0.02
Top Gear RPM Tuning,4.9,0.02
Tomb Raider: Legend,8.0,0.02
The Haunted: Hell's Reach,5.3,0.02
Davis Cup Tennis,6.4,0.02
Just Cause,7.3,0.02
The Incredibles: Rise of the Underminer,6.7,0.02
Unreal Tournament 2004,9.4,0.02
The Longest Journey,8.7,0.02
Dark Void,6.1,0.02
Fallen Legion: Rise to Glory,7.0,0.02
Mario vs. Donkey Kong: Tipping Stars,6.4,0.02
Two Worlds,7.4,0.02
Dead to Rights,3.6,0.02
Dinotopia: The Sunstone Odyssey,4.7,0.02
LEGO Star Wars: The Video Game,7.8,0.02
Mission: Impossible - Operation Surma,7.3,0.02
Trigger Man,2.0,0.02
Assetto Corsa,6.0,0.02
Games Explosion!,4.0,0.02
Star Trek: Legacy,5.3,0.02
Gears of War,8.8,0.02
LEGO Star Wars II: The Original Trilogy,8.3,0.02
Syberia II,7.5,0.02
Sniper Elite,7.4,0.02
Just Cause,6.9,0.02
Football Manager 2007,8.4,0.02
Yoku's Island Express,9.0,0.02
Blackthorne,7.1,0.01
Fast Racing Neo,8.1,0.01
Musynx,7.5,0.01
VOEZ,8.5,0.01
Command & Conquer 4: Tiberian Twilight,6.6,0.01
Puyo Pop Fever,7.9,0.01
Guild Wars: Factions,8.6,0.01
Flipping Death,7.5,0.01
Grand Theft Auto III,9.1,0.01
The Last Remnant,7.3,0.01
Brawlout,6.2,0.01
Neverwinter Nights 2: Mask of the Betrayer,8.0,0.01
Call of Juarez,6.7,0.01
Yoku's Island Express,9.0,0.01
Unreal Tournament 2003,9.0,0.01
Freekstyle,7.2,0.01
Marvel: Ultimate Alliance,8.4,0.01
Spider-Man: Friend or Foe,5.6,0.01
Banjo-Kazooie,7.0,0.01
Hotel Transylvania 3: Monsters Overboard,6.5,0.01
Kao the Kangaroo,3.9,0.01
Aquaman: Battle for Atlantis,2.4,0.01
CT Special Forces 2: Back in the Trenches,7.4,0.01
Deus Ex,9.2,0.01
Army Men: Air Combat - The Elite Missions,3.8,0.01
Grooverider: Slot Car Thunder,4.5,0.01
The Chronicles of Riddick: Assault on Dark Athena,8.0,0.01
NHL 2K7,7.7,0.01
Dungeon Explorer: Warriors of Ancient Arts,6.1,0.01
Battlestations: Midway,7.7,0.01
Virtua Quest,5.4,0.01
Hoshigami: Ruining Blue Earth Remix,5.6,0.01
Captain Rainbow,7.0,0.01
Space Raiders,2.9,0.01
Clive Barker's Jericho,6.4,0.01
Karnaaj Rally,7.9,0.01
Hospital Tycoon,4.0,0.01
Trine,8.1,0.01
E.T. The Extra-Terrestrial,3.5,0.01
Full Auto 2: Battlelines,5.5,0.01
LMA Manager 2007,6.2,0.01
Breach,6.5,0.01
Carmageddon 64,1.3,0.01
Rise of the Argonauts,5.0,0.01
Battle Fantasia,7.0,0.01
STORM: Frontline Nation,7.0,0.01
Pocket Racers,3.8,0.01
Zoo Tycoon 2: Extinct Animals,7.6,0.01
bit Generations: Dotstream,8.0,0.01
Bruce Lee: Return of the Legend,8.4,0.01
Zuma's Revenge!,8.3,0.01
BlowOut,6.5,0.01
Yoku's Island Express,9.0,0.01
James Bond 007: Blood Stone,6.2,0.01
Winx Club: Join the Club,3.6,0.01
Command & Conquer: Generals,8.6,0.01
Capcom Puzzle World,7.4,0.01
Hugo: The Evil Mirror,5.9,0.01
The City of Lost Children,4.9,0.01
Pirates of Black Cove,5.5,0.01
X-Men Legends II: Rise of Apocalypse,7.9,0.01
MetropolisMania 2,4.3,0.01
SimCity 3000 Unlimited,6.9,0.01
Harry Potter and the Goblet of Fire,6.7,0.01
Brian Lara International Cricket 2007,7.3,0.01
Thief: The Dark Project,9.3,0.01
Gurumin: A Monstrous Adventure,7.4,0.01
Open Season,7.6,0.01
After Burner: Black Falcon,7.4,0.01
Blood Bowl,5.0,0.01
Disney Sports Basketball,4.0,0.01
Neverwinter Nights 2: Storm of Zehir,7.2,0.01
Street Cleaning Simulator,1.5,0.01
Legend of Kay Anniversary,6.5,0.01
Shogun: Total War,8.8,0.01
Lionheart: Kings' Crusade,6.3,0.01
Aliens versus Predator,8.7,0.01
Defender,3.5,0.01
Duke Nukem Advance,8.5,0.01
Aggressive Inline,7.3,0.01
Top Spin 2,6.6,0.01
Buzz! Quiz World,5.9,0.01
Devil May Cry 3: Dante's Awakening Special Edition,7.1,0.01
Happy Birthdays,8.5,0.01
Soul Calibur IV,8.4,0.01
Call of Duty,7.0,0.01
Battle B-Daman,6.0,0.01
Dr. Sudoku,6.7,0.01
Dawn of Discovery: Venice,7.0,0.01
bit Generations: Dialhex,7.0,0.01
Back to the Future: The Game,8.1,0.0
F1 Grand Prix,6.0,0.0
Gauntlet: Dark Legacy,3.1,0.0
Jade Empire: Special Edition,7.8,0.0
Dual Blades,6.0,0.0
Football Manager 2006,8.5,0.0
Metal Gear Online,8.1,0.0
A-Train HX,2.0,0.0
Big Bumpin',6.7,0.0
Resident Evil 5: Gold Edition,9.3,0.0
Madden NFL 09 All-Play (weekly US sales),8.0,0.0
Dillon's Dead-Heat Breakers,7.0,0.0
Zoo Tycoon 2: African Adventure,4.0,0.0
Just Cause,7.3,0.0
bit Generations: Boundish,4.0,0.0
Ready 2 Rumble Boxing: Round 2,4.8,0.0
Egg Mania,7.3,0.0
Sniper Elite V2,6.0,0.0
Teslagrad,7.0,0.0
Open Season,6.4,0.0
The SpongeBob SquarePants Movie,6.0,0.0
Star Wars Jedi Knight II: Jedi Outcast,9.0,0.0
Boulder Dash EX,7.7,0.0
Victoria II,8.1,0.0
The Sims 2 Holiday Edition,2.0,0.0
Fitness Boxing,7.0,0.0
School Tycoon,6.9,0.0
Army Men Advance,6.1,0.0
Medal of Honor: Allied Assault,9.3,0.0
Medieval: Total War,9.0,0.0
Extreme Ghostbusters,7.1,0.0
Aero The Acro-Bat,7.2,0.0
Mercenaries 2: World in Flames,6.0,0.0
Buzz! Brain Bender,6.5,0.0
High Heat Major League Baseball 2003,6.0,0.0
Age of Conan: Hyborian Adventures,7.9,0.0
Twin Sector,4.2,0.0
Pure (JP sales),7.0,0.0
Dokapon: Monster Hunter,6.4,0.0
Fallout 2,9.2,0.0
From Dust,8.2,0.0
"Warhammer 40,000: Dawn of War - Dark Crusade",8.8,0.0
Mount & Blade: With Fire & Sword,6.6,0.0
Pokemon Rumble U,5.7,0.0
Jazz Jackrabbit,6.8,0.0
Capcom Classics Mini Mix,6.5,0.0
Thrillville: Off the Rails,8.1,0.0
Defender of the Crown,6.8,0.0
Transformers: War for Cybertron,7.4,0.0
Cruis'n Velocity,5.3,0.0
Lost Planet: Extreme Condition Colonies Edition,7.8,0.0
Phalanx,5.0,0.0
Sid Meier's Civilization II,9.1,0.0
Dark Messiah Might and Magic,7.3,0.0
Pure (JP sales),7.0,0.0
Tiger Woods PGA Tour 07,7.8,0.0
Prison Break: The Conspiracy,2.5,0.0
Vin Diesel: Wheelman,6.5,0.0
Open Season,6.4,0.0
LIMBO,9.0,0.0
Team Fortress 2,9.2,0.0
The Elder Scrolls III: Morrowind,8.7,0.0
The Operative: No One Lives Forever,8.9,0.0
Metal Gear Solid 2: Substance,7.8,0.0
Rayman 2: The Great Escape,9.1,0.0
Dungeons & Dragons: Daggerdale,6.0,0.0
The Elder Scrolls IV: Oblivion - Game of the Year Edition,8.5,0.0
Cryostasis: Sleep of Reason,7.0,0.0
Muppet Pinball Mayhem,7.9,0.0
Act of War: Direct Action,8.2,0.0
LittleBigPlanet: Game of the Year Edition,9.5,0.0
Tropico 2: Pirate Cove,8.3,0.0
FIFA 07 Soccer,8.4,0.0
Sid Meier's Civilization III,8.6,0.0
Still Life,6.4,0.0
Bionicle Heroes,5.4,0.0
Dreamfall: The Longest Journey,7.4,0.0
Metal Gear Solid,8.5,0.0
Prince of Persia: The Sands of Time,9.0,0.0
Shrek 2,4.6,0.0
Velvet Assassin,6.2,0.0
Counter-Strike: Condition Zero,6.8,0.0
Need for Speed: Hot Pursuit 2,6.7,0.0
Penumbra: Overture,6.9,0.0
Phantasy Star Universe,6.4,0.0
Act of War: High Treason,6.8,0.0
Driver,8.5,0.0
Ape Academy 2,6.4,0.0
King's Bounty: The Legend,8.4,0.0
Gadget Racers,7.0,0.0
High Heat Major League Baseball 2002,6.0,0.0
SimCity 3000,8.5,0.0
Space Siege,4.0,0.0
Deus Ex: Invisible War,8.5,0.0
The Incredibles,6.5,0.0
The Sims 3: Pets,7.0,0.0
Red Faction II,7.2,0.0
Trainz,8.4,0.0
Resident Evil 3: Nemesis,7.3,0.0
Paper Mario,9.0,0.0
Championship Manager 2006,7.8,0.0
System Shock 2,8.9,0.0
Zoo Tycoon 2: Endangered Species,6.2,0.0
Mall Tycoon 3,6.8,0.0
Baldur's Gate: Tales of the Sword Coast,8.1,0.0
Mall Tycoon,4.7,0.0
The Sims 3: Pets,7.3,0.0
Tony Hawk's Pro Skater 2,9.0,0.0
Titan Quest: Immortal Throne,8.3,0.0
Tony Hawk's Underground 2,8.5,0.0
Psychonauts,8.8,0.0
Mech Platoon,7.6,0.0
Ni no Kuni II: Revenant Kingdom,8.5,0.0
Matt Hazard: Blood Bath and Beyond,6.6,0.0
Tour de France 2011,6.0,0.0
echoshift,7.5,0.0
Gothic 3: Forsaken Gods,4.4,0.0
Grand Theft Auto,6.4,0.0
Football Manager Handheld 2007,8.1,0.0
NBA 2K9,8.0,0.0
Full Spectrum Warrior,7.8,0.0
John Romero's Daikatana,4.0,0.0
Aion: Tower of Eternity,7.4,0.0
Resident Evil 5: Gold Edition,9.1,0.0
Gone Home,9.1,0.0
SpellForce 2: Shadow Wars,8.2,0.0
Rayman Arena,5.1,0.0
Army Men: Operation Green,6.2,0.0
David Beckham Soccer,3.1,0.0
Tropico,8.7,0.0
Madagascar,6.7,0.0
The Matrix: Path of Neo,6.6,0.0
Grandia II,7.7,0.0
Second Sight,7.0,0.0
BackTrack,5.2,0.0
Freedom Force,9.1,0.0
Izuna: Legend of the Unemployed Ninja,6.4,0.0
Final Fantasy XI: Online,8.2,0.0
Reservoir Dogs,5.6,0.0
The Elder Scrolls IV: Oblivion - Game of the Year Edition,8.5,0.0
A Sound of Thunder,6.8,0.0
The Mark,3.0,0.0
Darkstone,7.5,0.0
Kirby's Adventure,8.4,0.0
Red Faction,8.1,0.0
Disney Sports Snowboarding,5.1,0.0
X-Blades,6.4,0.0
Daredevil,5.3,0.0
Sam & Max Hit the Road,9.0,0.0
MDK2,8.5,0.0
Sherlock Holmes: The Awakened,6.0,0.0
Top Spin 2,6.8,0.0
Disney Sports Motocross,5.2,0.0
Elebits: The Adventures of Kai and Zero,7.4,0.0
World in Conflict: Soviet Assault,6.1,0.0
